Contract Name,Last Trade Date,Strike,Last Price,Bid,Ask,Change,% Change,Volume,Open Interest,Implied Volatility,Type,Maturity,index
BABA231208C00055000,2023-12-06 3:57PM EST,55.0,16.55,17.15,17.3,0.0,-,4.0,127,234.38%,Call,2023-12-08,2
BABA231208C00060000,2023-12-07 2:09PM EST,60.0,12.25,12.15,12.25,0.0,-,4.0,25,140.63%,Call,2023-12-08,3
BABA231208C00063000,2023-12-07 9:48AM EST,63.0,9.15,9.15,9.3,0.0,-,6.0,9,128.13%,Call,2023-12-08,6
BABA231208C00065000,2023-12-08 9:44AM EST,65.0,7.4,7.1,7.25,0.05,+0.68%,43.0,135,112.50%,Call,2023-12-08,8
BABA231208C00066000,2023-12-07 2:18PM EST,66.0,6.3,6.1,6.25,0.0,-,15.0,56,98.83%,Call,2023-12-08,9
BABA231208C00068000,2023-12-08 10:46AM EST,68.0,4.2,4.2,4.3,-0.1,-2.33%,529.0,349,71.09%,Call,2023-12-08,11
BABA231208C00069000,2023-12-08 10:53AM EST,69.0,3.2,3.2,3.25,-0.18,-5.33%,117.0,341,50.78%,Call,2023-12-08,12
BABA231208C00070000,2023-12-08 10:54AM EST,70.0,2.28,2.14,2.25,-0.12,-5.00%,364.0,1258,42.58%,Call,2023-12-08,13
BABA231208C00071000,2023-12-08 10:42AM EST,71.0,1.23,1.18,1.26,-0.22,-15.17%,319.0,1055,28.32%,Call,2023-12-08,14
BABA231208C00072000,2023-12-08 10:56AM EST,72.0,0.29,0.32,0.35,-0.47,-61.84%,3404.0,7849,16.21%,Call,2023-12-08,15
BABA231208C00073000,2023-12-08 10:56AM EST,73.0,0.04,0.04,0.05,-0.3,-88.24%,8132.0,9673,19.34%,Call,2023-12-08,16
BABA231208C00074000,2023-12-08 10:48AM EST,74.0,0.01,0.01,0.02,-0.14,-93.33%,2463.0,9589,28.13%,Call,2023-12-08,17
BABA231208C00075000,2023-12-08 10:55AM EST,75.0,0.01,0.0,0.01,-0.06,-85.71%,2171.0,9897,35.94%,Call,2023-12-08,18
BABA231208C00076000,2023-12-08 10:33AM EST,76.0,0.01,0.0,0.01,-0.03,-75.00%,520.0,6524,45.31%,Call,2023-12-08,19
BABA231208C00077000,2023-12-08 10:49AM EST,77.0,0.01,0.0,0.01,-0.01,-50.00%,249.0,5190,50.00%,Call,2023-12-08,20
BABA231208C00078000,2023-12-08 10:39AM EST,78.0,0.01,0.0,0.01,-0.01,-50.00%,100.0,4771,59.38%,Call,2023-12-08,21
BABA231208C00079000,2023-12-08 9:53AM EST,79.0,0.01,0.0,0.01,0.0,-,15.0,2201,68.75%,Call,2023-12-08,22
BABA231208C00080000,2023-12-08 9:40AM EST,80.0,0.01,0.0,0.01,0.0,-,33.0,6850,75.00%,Call,2023-12-08,23
BABA231208C00082000,2023-12-08 10:32AM EST,82.0,0.01,0.0,0.01,0.0,-,6.0,2317,93.75%,Call,2023-12-08,25
BABA231208C00085000,2023-12-08 9:50AM EST,85.0,0.01,0.0,0.01,-0.02,-66.67%,39.0,2412,115.63%,Call,2023-12-08,28
BABA231208C00086000,2023-12-07 10:06AM EST,86.0,0.01,0.0,0.01,0.0,-,6.0,469,125.00%,Call,2023-12-08,29
BABA231208C00087000,2023-12-08 10:26AM EST,87.0,0.01,0.0,0.01,0.0,-,5.0,603,131.25%,Call,2023-12-08,30
BABA231208C00088000,2023-12-04 3:31PM EST,88.0,0.01,0.0,0.01,0.0,-,17.0,589,137.50%,Call,2023-12-08,31
BABA231208C00090000,2023-12-06 3:53PM EST,90.0,0.01,0.0,0.01,0.0,-,22.0,1522,150.00%,Call,2023-12-08,33
BABA231208C00091000,2023-12-04 11:06AM EST,91.0,0.01,0.0,0.01,0.0,-,8.0,202,156.25%,Call,2023-12-08,34
BABA231208C00092000,2023-12-07 11:36AM EST,92.0,0.01,0.0,0.75,0.0,-,31.0,1037,307.03%,Call,2023-12-08,35
BABA231208C00093000,2023-12-01 1:02PM EST,93.0,0.03,0.0,0.75,0.0,-,101.0,2193,317.19%,Call,2023-12-08,36
BABA231208C00096000,2023-12-07 2:37PM EST,96.0,0.04,0.0,0.01,0.0,-,5.0,484,187.50%,Call,2023-12-08,39
BABA231208C00098000,2023-11-27 3:01PM EST,98.0,0.02,0.0,0.01,0.0,-,94.0,98,200.00%,Call,2023-12-08,41
BABA231208C00101000,2023-11-27 10:52AM EST,101.0,0.01,0.0,0.01,0.0,-,12.0,24,218.75%,Call,2023-12-08,43
BABA231208C00103000,2023-11-24 12:35PM EST,103.0,0.02,0.0,0.01,0.0,-,10.0,10,231.25%,Call,2023-12-08,45
BABA231208C00110000,2023-11-17 12:40PM EST,110.0,0.06,0.0,0.36,0.0,-,5.0,73,410.16%,Call,2023-12-08,48
BABA231208C00115000,2023-11-20 12:33PM EST,115.0,0.02,0.0,0.25,0.0,-,8.0,36,421.09%,Call,2023-12-08,49
BABA231208C00135000,2023-11-24 12:31PM EST,135.0,0.02,0.0,0.3,0.0,-,5.0,7,550.78%,Call,2023-12-08,50
BABA231208P00045000,2023-12-01 9:53AM EST,45.0,0.01,0.0,0.02,0.0,-,4.0,20,331.25%,Put,2023-12-08,53
BABA231208P00050000,2023-12-01 12:04PM EST,50.0,0.01,0.0,0.02,0.0,-,51.0,106,262.50%,Put,2023-12-08,54
BABA231208P00055000,2023-12-01 9:32AM EST,55.0,0.08,0.0,0.08,0.0,-,200.0,372,237.50%,Put,2023-12-08,55
BABA231208P00060000,2023-12-06 11:28AM EST,60.0,0.01,0.0,0.02,0.0,-,20.0,1462,140.63%,Put,2023-12-08,56
BABA231208P00061000,2023-12-01 2:43PM EST,61.0,0.01,0.0,0.75,0.0,-,22.0,14,244.92%,Put,2023-12-08,57
BABA231208P00062000,2023-12-01 3:30PM EST,62.0,0.02,0.0,0.75,0.0,-,48.0,51,226.76%,Put,2023-12-08,58
BABA231208P00063000,2023-12-04 1:29PM EST,63.0,0.03,0.0,0.75,0.0,-,35.0,340,208.59%,Put,2023-12-08,59
BABA231208P00064000,2023-12-05 1:53PM EST,64.0,0.02,0.0,0.03,0.0,-,11.0,271,101.56%,Put,2023-12-08,60
BABA231208P00065000,2023-12-07 10:26AM EST,65.0,0.01,0.0,0.01,0.0,-,11.0,323,78.13%,Put,2023-12-08,61
BABA231208P00066000,2023-12-06 3:28PM EST,66.0,0.01,0.0,0.03,0.0,-,71.0,107,78.13%,Put,2023-12-08,62
BABA231208P00067000,2023-12-07 2:32PM EST,67.0,0.01,0.0,0.01,0.0,-,55.0,501,59.38%,Put,2023-12-08,63
BABA231208P00068000,2023-12-08 10:23AM EST,68.0,0.01,0.0,0.02,0.0,-,20.0,793,53.13%,Put,2023-12-08,64
BABA231208P00069000,2023-12-08 10:39AM EST,69.0,0.04,0.0,0.01,0.01,+33.33%,388.0,2781,40.63%,Put,2023-12-08,65
BABA231208P00070000,2023-12-08 10:47AM EST,70.0,0.01,0.0,0.02,-0.03,-75.00%,248.0,5964,33.59%,Put,2023-12-08,66
BABA231208P00071000,2023-12-08 10:43AM EST,71.0,0.02,0.02,0.03,-0.11,-84.62%,494.0,2771,22.46%,Put,2023-12-08,67
BABA231208P00072000,2023-12-08 10:55AM EST,72.0,0.14,0.11,0.14,-0.27,-65.85%,3264.0,4389,14.75%,Put,2023-12-08,68
BABA231208P00073000,2023-12-08 10:54AM EST,73.0,0.78,0.86,0.94,-0.24,-23.53%,363.0,2164,27.34%,Put,2023-12-08,69
BABA231208P00074000,2023-12-08 10:56AM EST,74.0,1.85,1.77,1.87,0.05,+2.78%,612.0,3317,35.94%,Put,2023-12-08,70
BABA231208P00075000,2023-12-08 10:49AM EST,75.0,2.87,2.78,2.89,0.16,+5.90%,146.0,2392,53.13%,Put,2023-12-08,71
BABA231208P00076000,2023-12-08 10:47AM EST,76.0,3.82,3.65,3.85,0.12,+3.24%,101.0,775,57.42%,Put,2023-12-08,72
BABA231208P00077000,2023-12-08 10:51AM EST,77.0,4.8,4.8,4.9,0.2,+4.35%,4.0,165,68.75%,Put,2023-12-08,73
BABA231208P00078000,2023-12-08 10:54AM EST,78.0,5.75,5.65,5.8,-0.01,-0.17%,9.0,243,0.00%,Put,2023-12-08,74
BABA231208P00079000,2023-12-08 10:44AM EST,79.0,6.88,6.75,6.9,-0.05,-0.72%,22.0,185,78.13%,Put,2023-12-08,75
BABA231208P00081000,2023-12-06 2:46PM EST,81.0,9.1,8.75,8.9,0.0,-,95.0,3,96.88%,Put,2023-12-08,77
BABA231208P00082000,2023-12-07 3:00PM EST,82.0,9.8,9.65,9.85,0.0,-,22.0,8,121.09%,Put,2023-12-08,78
BABA231208P00083000,2023-12-08 9:50AM EST,83.0,10.61,10.65,10.8,-0.14,-1.30%,37.0,46,0.00%,Put,2023-12-08,79
BABA231208P00086000,2023-12-07 3:13PM EST,86.0,13.85,13.75,13.85,0.0,-,171.0,32,157.81%,Put,2023-12-08,82
BABA231208P00087000,2023-12-06 2:38PM EST,87.0,14.9,14.65,14.85,0.0,-,29.0,0,167.19%,Put,2023-12-08,83
BABA231208P00088000,2023-12-01 3:40PM EST,88.0,13.98,15.8,15.9,0.0,-,37.0,0,175.00%,Put,2023-12-08,84
BABA231208P00090000,2023-12-04 10:36AM EST,90.0,17.0,17.75,18.15,0.0,-,30.0,0,233.59%,Put,2023-12-08,86
BABA231208P00091000,2023-11-29 9:36AM EST,91.0,15.87,18.75,18.9,0.0,-,4.0,0,178.13%,Put,2023-12-08,87
BABA231208P00092000,2023-12-06 2:46PM EST,92.0,19.95,19.75,19.8,0.0,-,258.0,0,0.00%,Put,2023-12-08,88
BABA231208P00093000,2023-11-16 1:31PM EST,93.0,14.14,20.75,20.85,0.0,-,40.0,0,215.63%,Put,2023-12-08,89
BABA231208P00105000,2023-10-30 2:58PM EST,105.0,21.84,30.2,30.35,0.0,-,15.0,0,0.00%,Put,2023-12-08,94
BABA231208P00110000,2023-10-30 2:25PM EST,110.0,26.74,35.15,35.35,0.0,-,16.0,0,0.00%,Put,2023-12-08,95
BABA231215C00040000,2023-11-24 11:36AM EST,40.0,38.5,32.2,32.35,0.0,-,50.0,81,186.33%,Call,2023-12-15,107
BABA231215C00050000,2023-12-08 9:33AM EST,50.0,22.0,21.6,22.3,-0.35,-1.57%,10.0,163,127.34%,Call,2023-12-15,109
BABA231215C00060000,2023-12-07 2:20PM EST,60.0,12.4,12.3,12.4,0.0,-,4.0,153,76.56%,Call,2023-12-15,111
BABA231215C00062000,2023-12-07 9:35AM EST,62.0,9.8,10.25,10.4,0.0,-,21.0,24,63.09%,Call,2023-12-15,113
BABA231215C00064000,2023-12-06 11:32AM EST,64.0,8.55,8.3,8.45,0.0,-,5.0,5,56.06%,Call,2023-12-15,115
BABA231215C00068000,2023-12-08 10:13AM EST,68.0,4.55,4.3,4.45,-0.02,-0.44%,515.0,75,36.62%,Call,2023-12-15,119
BABA231215C00069000,2023-12-08 10:17AM EST,69.0,3.75,3.45,3.55,0.05,+1.35%,21.0,115,34.08%,Call,2023-12-15,120
BABA231215C00070000,2023-12-08 10:54AM EST,70.0,2.75,2.66,2.77,-0.2,-6.78%,231.0,1754,33.64%,Call,2023-12-15,121
BABA231215C00071000,2023-12-08 10:40AM EST,71.0,1.99,1.93,2.0,-0.24,-10.76%,279.0,1191,31.25%,Call,2023-12-15,122
BABA231215C00072000,2023-12-08 10:50AM EST,72.0,1.44,1.4,1.43,-0.18,-11.11%,705.0,1535,31.30%,Call,2023-12-15,123
BABA231215C00073000,2023-12-08 10:54AM EST,73.0,1.0,0.98,1.02,-0.2,-16.67%,1849.0,3055,32.37%,Call,2023-12-15,124
BABA231215C00074000,2023-12-08 10:54AM EST,74.0,0.67,0.64,0.68,-0.2,-22.99%,1165.0,8216,32.52%,Call,2023-12-15,125
BABA231215C00075000,2023-12-08 10:54AM EST,75.0,0.46,0.43,0.44,-0.14,-23.33%,4247.0,21014,32.81%,Call,2023-12-15,126
BABA231215C00076000,2023-12-08 10:53AM EST,76.0,0.29,0.28,0.31,-0.11,-27.50%,919.0,2477,34.47%,Call,2023-12-15,127
BABA231215C00077000,2023-12-08 10:56AM EST,77.0,0.2,0.19,0.22,-0.09,-31.03%,602.0,4513,36.08%,Call,2023-12-15,128
BABA231215C00078000,2023-12-08 10:47AM EST,78.0,0.13,0.14,0.15,-0.1,-43.48%,514.0,2341,37.21%,Call,2023-12-15,129
BABA231215C00079000,2023-12-08 10:41AM EST,79.0,0.11,0.1,0.12,-0.03,-21.43%,61.0,2913,39.65%,Call,2023-12-15,130
BABA231215C00080000,2023-12-08 10:52AM EST,80.0,0.08,0.08,0.09,-0.04,-33.33%,2067.0,34835,41.41%,Call,2023-12-15,131
BABA231215C00081000,2023-12-08 10:40AM EST,81.0,0.07,0.07,0.08,-0.03,-30.00%,64.0,2002,44.34%,Call,2023-12-15,132
BABA231215C00082000,2023-12-08 10:40AM EST,82.0,0.05,0.05,0.06,-0.02,-28.57%,129.0,873,45.70%,Call,2023-12-15,133
BABA231215C00083000,2023-12-08 10:07AM EST,83.0,0.06,0.01,0.06,-0.02,-25.00%,12.0,1860,49.22%,Call,2023-12-15,134
BABA231215C00084000,2023-12-08 10:47AM EST,84.0,0.04,0.03,0.04,-0.02,-33.33%,6.0,586,49.61%,Call,2023-12-15,135
BABA231215C00085000,2023-12-08 10:32AM EST,85.0,0.03,0.03,0.04,-0.01,-25.00%,238.0,47450,51.56%,Call,2023-12-15,136
BABA231215C00088000,2023-12-07 3:56PM EST,88.0,0.04,0.02,0.09,0.0,-,12.0,981,64.84%,Call,2023-12-15,139
BABA231215C00089000,2023-12-06 3:53PM EST,89.0,0.03,0.0,0.05,0.0,-,14.0,85,60.94%,Call,2023-12-15,140
BABA231215C00090000,2023-12-08 10:56AM EST,90.0,0.02,0.01,0.02,0.0,-,136.0,32967,60.16%,Call,2023-12-15,141
BABA231215C00091000,2023-12-07 3:12PM EST,91.0,0.02,0.0,0.05,0.0,-,120.0,212,66.41%,Call,2023-12-15,142
BABA231215C00092000,2023-12-05 11:01AM EST,92.0,0.01,0.0,0.06,0.0,-,16.0,124,70.70%,Call,2023-12-15,143
BABA231215C00094000,2023-12-07 1:33PM EST,94.0,0.06,0.0,0.06,0.0,-,10.0,18,76.17%,Call,2023-12-15,145
BABA231215C00096000,2023-12-06 2:02PM EST,96.0,0.01,0.0,0.08,0.0,-,100.0,104,84.38%,Call,2023-12-15,147
BABA231215C00097000,2023-12-04 3:08PM EST,97.0,0.02,0.0,0.01,0.0,-,10.0,11,68.75%,Call,2023-12-15,148
BABA231215C00099000,2023-12-01 12:59PM EST,99.0,0.03,0.0,0.08,0.0,-,100.0,100,92.19%,Call,2023-12-15,150
BABA231215C00103000,2023-12-05 3:59PM EST,103.0,0.01,0.0,0.01,0.0,-,30.0,31,81.25%,Call,2023-12-15,154
BABA231215C00105000,2023-12-08 9:47AM EST,105.0,0.02,0.0,0.02,0.01,+100.00%,10.0,9705,90.63%,Call,2023-12-15,155
BABA231215C00110000,2023-12-08 10:27AM EST,110.0,0.01,0.0,0.01,0.0,-,11.0,18856,93.75%,Call,2023-12-15,158
BABA231215C00115000,2023-12-08 10:32AM EST,115.0,0.01,0.0,0.01,0.0,-,52.0,9410,103.13%,Call,2023-12-15,159
BABA231215C00140000,2023-11-29 11:31AM EST,140.0,0.01,0.0,0.01,0.0,-,5.0,13072,143.75%,Call,2023-12-15,164
BABA231215C00150000,2023-11-17 11:39AM EST,150.0,0.04,0.0,0.05,0.0,-,151.0,2497,179.69%,Call,2023-12-15,166
BABA231215C00160000,2023-11-15 9:31AM EST,160.0,0.04,0.0,0.01,0.0,-,20.0,11177,168.75%,Call,2023-12-15,168
BABA231215C00170000,2023-11-07 10:32AM EST,170.0,0.05,0.0,0.08,0.0,-,200.0,836,215.63%,Call,2023-12-15,170
BABA231215C00175000,2023-10-06 1:35PM EST,175.0,0.01,0.0,0.09,0.0,-,6.0,84,225.00%,Call,2023-12-15,171
BABA231215P00020000,2023-05-22 10:39AM EST,20.0,0.04,0.01,0.0,0.0,-,10.0,0,287.50%,Put,2023-12-15,176
BABA231215P00025000,2023-11-17 9:31AM EST,25.0,0.01,0.0,0.02,0.0,-,5.0,175,250.00%,Put,2023-12-15,177
BABA231215P00030000,2023-10-20 9:47AM EST,30.0,0.04,0.0,0.09,0.0,-,25.0,340,246.88%,Put,2023-12-15,178
BABA231215P00045000,2023-11-30 12:06PM EST,45.0,0.02,0.0,0.03,0.0,-,47.0,430,121.88%,Put,2023-12-15,181
BABA231215P00055000,2023-12-07 11:37AM EST,55.0,0.01,0.01,0.03,0.0,-,5.0,3020,76.56%,Put,2023-12-15,183
BABA231215P00060000,2023-12-08 10:49AM EST,60.0,0.01,0.01,0.02,-0.01,-50.00%,88.0,4544,52.34%,Put,2023-12-15,184
BABA231215P00061000,2023-12-07 9:32AM EST,61.0,0.05,0.0,0.05,0.0,-,6.0,114,51.56%,Put,2023-12-15,185
BABA231215P00062000,2023-12-07 2:56PM EST,62.0,0.04,0.01,0.03,0.0,-,4.0,6,48.44%,Put,2023-12-15,186
BABA231215P00063000,2023-12-06 2:56PM EST,63.0,0.04,0.01,0.04,0.0,-,14.0,15,46.09%,Put,2023-12-15,187
BABA231215P00064000,2023-12-08 10:32AM EST,64.0,0.05,0.01,0.06,-0.01,-16.67%,5.0,13,44.53%,Put,2023-12-15,188
BABA231215P00065000,2023-12-08 10:52AM EST,65.0,0.04,0.04,0.05,-0.02,-33.33%,60.0,10809,38.48%,Put,2023-12-15,189
BABA231215P00066000,2023-12-07 1:16PM EST,66.0,0.08,0.03,0.08,0.0,-,29.0,1192,36.91%,Put,2023-12-15,190
BABA231215P00067000,2023-12-08 10:30AM EST,67.0,0.08,0.08,0.1,-0.02,-20.00%,28.0,2134,33.50%,Put,2023-12-15,191
BABA231215P00068000,2023-12-08 10:56AM EST,68.0,0.13,0.14,0.15,-0.07,-35.00%,1138.0,1261,31.25%,Put,2023-12-15,192
BABA231215P00069000,2023-12-08 10:39AM EST,69.0,0.29,0.23,0.25,-0.03,-9.38%,171.0,489,29.88%,Put,2023-12-15,193
BABA231215P00070000,2023-12-08 10:55AM EST,70.0,0.42,0.42,0.44,-0.1,-19.23%,230.0,18626,29.49%,Put,2023-12-15,194
BABA231215P00071000,2023-12-08 10:54AM EST,71.0,0.7,0.68,0.72,-0.15,-17.65%,385.0,2006,28.96%,Put,2023-12-15,195
BABA231215P00072000,2023-12-08 10:53AM EST,72.0,1.13,1.12,1.16,-0.12,-9.60%,755.0,1624,29.44%,Put,2023-12-15,196
BABA231215P00073000,2023-12-08 10:55AM EST,73.0,1.74,1.68,1.76,-0.02,-1.14%,74.0,4650,30.66%,Put,2023-12-15,197
BABA231215P00074000,2023-12-08 10:49AM EST,74.0,2.37,2.39,2.48,-0.09,-3.66%,219.0,2011,32.23%,Put,2023-12-15,198
BABA231215P00075000,2023-12-08 10:37AM EST,75.0,3.28,3.1,3.25,0.08,+2.50%,73.0,35950,32.81%,Put,2023-12-15,199
BABA231215P00076000,2023-12-08 10:24AM EST,76.0,3.91,4.0,4.15,-0.1,-2.49%,31.0,3946,35.60%,Put,2023-12-15,200
BABA231215P00077000,2023-12-08 9:38AM EST,77.0,4.97,4.95,5.05,0.07,+1.43%,5.0,844,37.01%,Put,2023-12-15,201
BABA231215P00078000,2023-12-08 10:54AM EST,78.0,5.8,5.85,5.95,0.01,+0.17%,8.0,1344,36.62%,Put,2023-12-15,202
BABA231215P00080000,2023-12-08 10:23AM EST,80.0,7.7,7.7,7.85,-0.02,-0.26%,82.0,33542,35.74%,Put,2023-12-15,204
BABA231215P00081000,2023-12-07 10:47AM EST,81.0,8.9,8.75,8.85,0.0,-,5.0,181,39.45%,Put,2023-12-15,205
BABA231215P00082000,2023-12-07 2:04PM EST,82.0,9.79,9.75,9.9,0.0,-,9.0,84,49.22%,Put,2023-12-15,206
BABA231215P00084000,2023-12-08 10:30AM EST,84.0,11.63,11.65,11.8,-0.27,-2.27%,210.0,23,0.00%,Put,2023-12-15,208
BABA231215P00085000,2023-12-08 10:30AM EST,85.0,12.67,12.8,12.9,-0.03,-0.24%,68.0,14678,52.73%,Put,2023-12-15,209
BABA231215P00086000,2023-12-05 10:00AM EST,86.0,13.58,13.7,13.9,0.0,-,6.0,0,63.48%,Put,2023-12-15,210
BABA231215P00087000,2023-12-04 9:37AM EST,87.0,14.4,14.65,14.8,0.0,-,8.0,0,0.00%,Put,2023-12-15,211
BABA231215P00088000,2023-12-01 10:20AM EST,88.0,15.1,15.75,15.9,0.0,-,14.0,0,54.69%,Put,2023-12-15,212
BABA231215P00090000,2023-12-07 3:30PM EST,90.0,17.66,17.7,17.8,0.0,-,552.0,117,0.00%,Put,2023-12-15,214
BABA231215P00095000,2023-12-07 3:14PM EST,95.0,22.8,22.75,22.8,0.0,-,23.0,7,0.00%,Put,2023-12-15,217
BABA231215P00105000,2023-11-21 2:44PM EST,105.0,26.05,32.4,32.85,0.0,-,342.0,0,106.25%,Put,2023-12-15,221
BABA231215P00110000,2023-12-07 3:13PM EST,110.0,37.4,37.75,38.2,0.0,-,352.0,52,143.16%,Put,2023-12-15,222
BABA231215P00115000,2023-12-07 3:13PM EST,115.0,42.85,42.75,42.95,0.0,-,580.0,100,128.13%,Put,2023-12-15,223
BABA231215P00120000,2023-12-07 3:13PM EST,120.0,48.35,46.95,48.05,0.0,-,330.0,50,176.95%,Put,2023-12-15,224
BABA231215P00130000,2023-10-26 11:19AM EST,130.0,47.72,49.75,52.85,0.0,-,32.0,0,0.00%,Put,2023-12-15,226
BABA231215P00140000,2023-08-18 9:35AM EST,140.0,52.96,52.9,53.05,0.0,-,22.0,0,0.00%,Put,2023-12-15,228
BABA231215P00160000,2023-10-16 8:42AM EST,160.0,76.99,0.0,0.0,0.0,-,255.0,0,0.00%,Put,2023-12-15,232
BABA231222C00067000,2023-12-07 12:03PM EST,67.0,5.45,5.4,5.55,0.0,-,89.0,91,34.62%,Call,2023-12-22,248
BABA231222C00068000,2023-12-07 12:35PM EST,68.0,4.62,4.55,4.65,0.0,-,72.0,99,32.57%,Call,2023-12-22,249
BABA231222C00069000,2023-12-07 12:39PM EST,69.0,3.91,3.65,3.8,0.06,+1.56%,26.0,39,30.91%,Call,2023-12-22,250
BABA231222C00070000,2023-12-08 10:30AM EST,70.0,3.15,2.98,3.1,-0.05,-1.56%,30.0,453,31.25%,Call,2023-12-22,251
BABA231222C00071000,2023-12-07 2:20PM EST,71.0,2.58,2.32,2.4,0.0,-,11.0,77,30.08%,Call,2023-12-22,252
BABA231222C00072000,2023-12-08 10:46AM EST,72.0,1.78,1.78,1.83,-0.27,-13.17%,198.0,1133,29.74%,Call,2023-12-22,253
BABA231222C00073000,2023-12-08 10:52AM EST,73.0,1.39,1.34,1.43,-0.17,-10.90%,583.0,1463,30.76%,Call,2023-12-22,254
BABA231222C00074000,2023-12-08 10:52AM EST,74.0,1.0,1.03,1.07,-0.22,-18.03%,306.0,1034,31.06%,Call,2023-12-22,255
BABA231222C00075000,2023-12-08 10:52AM EST,75.0,0.76,0.76,0.81,-0.17,-18.28%,371.0,3179,31.79%,Call,2023-12-22,256
BABA231222C00076000,2023-12-08 10:52AM EST,76.0,0.58,0.56,0.6,-0.1,-14.71%,66.0,960,32.32%,Call,2023-12-22,257
BABA231222C00077000,2023-12-08 10:50AM EST,77.0,0.44,0.43,0.45,-0.09,-16.98%,40.0,1484,33.15%,Call,2023-12-22,258
BABA231222C00078000,2023-12-08 10:53AM EST,78.0,0.33,0.33,0.36,-0.08,-19.51%,114.0,1488,34.67%,Call,2023-12-22,259
BABA231222C00079000,2023-12-08 10:54AM EST,79.0,0.28,0.26,0.28,-0.04,-12.50%,54.0,3159,35.74%,Call,2023-12-22,260
BABA231222C00080000,2023-12-08 10:49AM EST,80.0,0.22,0.21,0.23,-0.02,-8.33%,184.0,4760,37.31%,Call,2023-12-22,261
BABA231222C00082000,2023-12-08 10:49AM EST,82.0,0.15,0.15,0.16,-0.02,-11.76%,8.0,344,40.23%,Call,2023-12-22,263
BABA231222C00083000,2023-12-08 10:49AM EST,83.0,0.12,0.12,0.14,-0.03,-20.00%,13.0,307,41.99%,Call,2023-12-22,264
BABA231222C00084000,2023-12-08 10:47AM EST,84.0,0.12,0.11,0.12,-0.01,-7.69%,4.0,636,43.56%,Call,2023-12-22,265
BABA231222C00085000,2023-12-08 10:48AM EST,85.0,0.11,0.1,0.11,-0.01,-8.33%,256.0,3752,45.51%,Call,2023-12-22,266
BABA231222C00086000,2023-12-07 1:17PM EST,86.0,0.1,0.09,0.14,0.0,-,6.0,503,50.20%,Call,2023-12-22,267
BABA231222C00087000,2023-12-07 1:20PM EST,87.0,0.09,0.06,0.13,0.0,-,27.0,646,52.15%,Call,2023-12-22,268
BABA231222C00088000,2023-12-08 9:47AM EST,88.0,0.03,0.04,0.11,-0.06,-66.67%,5.0,270,53.13%,Call,2023-12-22,269
BABA231222C00089000,2023-12-07 3:21PM EST,89.0,0.06,0.06,0.11,0.0,-,12.0,148,53.13%,Call,2023-12-22,270
BABA231222C00090000,2023-12-07 3:08PM EST,90.0,0.04,0.02,0.11,0.0,-,104.0,817,53.13%,Call,2023-12-22,271
BABA231222C00093000,2023-12-08 10:33AM EST,93.0,0.02,0.02,0.04,-0.13,-86.67%,238.0,166,53.52%,Call,2023-12-22,274
BABA231222C00096000,2023-11-28 2:24PM EST,96.0,0.1,0.0,0.02,0.0,-,4.0,118,52.34%,Call,2023-12-22,277
BABA231222C00100000,2023-12-08 10:28AM EST,100.0,0.01,0.01,0.03,-0.01,-50.00%,200.0,852,63.28%,Call,2023-12-22,280
BABA231222C00109000,2023-11-27 3:48PM EST,109.0,0.04,0.0,0.09,0.0,-,20.0,22,85.55%,Call,2023-12-22,284
BABA231222C00115000,2023-11-24 10:50AM EST,115.0,0.05,0.0,0.08,0.0,-,6.0,7,93.75%,Call,2023-12-22,286
BABA231222C00135000,2023-11-24 12:31PM EST,135.0,0.05,0.0,0.08,0.0,-,5.0,6,120.70%,Call,2023-12-22,290
BABA231222P00045000,2023-11-29 10:46AM EST,45.0,0.03,0.0,0.08,0.0,-,5.0,11,100.78%,Put,2023-12-22,294
BABA231222P00050000,2023-12-01 10:48AM EST,50.0,0.09,0.0,0.09,0.0,-,12.0,18,81.25%,Put,2023-12-22,295
BABA231222P00060000,2023-12-07 3:53PM EST,60.0,0.05,0.02,0.07,0.0,-,6.0,51,48.05%,Put,2023-12-22,297
BABA231222P00061000,2023-12-07 3:51PM EST,61.0,0.05,0.02,0.13,0.0,-,30.0,26,49.61%,Put,2023-12-22,298
BABA231222P00062000,2023-12-06 9:46AM EST,62.0,0.1,0.03,0.15,0.0,-,5.0,21,47.07%,Put,2023-12-22,299
BABA231222P00063000,2023-12-07 3:47PM EST,63.0,0.11,0.08,0.12,0.0,-,52.0,52,41.02%,Put,2023-12-22,300
BABA231222P00064000,2023-12-08 10:40AM EST,64.0,0.13,0.12,0.14,-0.01,-7.14%,6.0,68,38.48%,Put,2023-12-22,301
BABA231222P00065000,2023-12-08 10:15AM EST,65.0,0.18,0.17,0.18,-0.03,-14.29%,49.0,522,36.52%,Put,2023-12-22,302
BABA231222P00066000,2023-12-08 10:35AM EST,66.0,0.26,0.24,0.27,-0.04,-13.33%,14.0,121,36.13%,Put,2023-12-22,303
BABA231222P00068000,2023-12-08 10:28AM EST,68.0,0.61,0.55,0.59,-0.01,-1.61%,17.0,428,35.89%,Put,2023-12-22,305
BABA231222P00069000,2023-12-08 10:35AM EST,69.0,0.85,0.82,0.87,-0.04,-4.49%,11.0,300,36.62%,Put,2023-12-22,306
BABA231222P00070000,2023-12-08 10:44AM EST,70.0,1.22,1.18,1.21,-0.02,-1.61%,54.0,1527,37.01%,Put,2023-12-22,307
BABA231222P00071000,2023-12-08 10:53AM EST,71.0,1.64,1.6,1.65,-0.05,-2.96%,123.0,1249,37.89%,Put,2023-12-22,308
BABA231222P00072000,2023-12-08 10:35AM EST,72.0,2.27,2.14,2.21,0.04,+1.79%,66.0,2998,39.53%,Put,2023-12-22,309
BABA231222P00073000,2023-12-08 10:51AM EST,73.0,2.79,2.77,2.84,-0.05,-1.76%,30.0,682,41.11%,Put,2023-12-22,310
BABA231222P00074000,2023-12-08 10:08AM EST,74.0,3.62,3.45,3.6,0.12,+3.43%,116.0,1314,43.92%,Put,2023-12-22,311
BABA231222P00075000,2023-12-08 10:03AM EST,75.0,4.3,4.25,4.35,-0.03,-0.69%,6.0,1021,45.68%,Put,2023-12-22,312
BABA231222P00077000,2023-12-08 10:24AM EST,77.0,5.9,5.95,6.05,-0.26,-4.22%,7.0,894,50.83%,Put,2023-12-22,314
BABA231222P00078000,2023-12-08 10:14AM EST,78.0,6.8,6.9,7.0,-0.15,-2.16%,11.0,341,53.61%,Put,2023-12-22,315
BABA231222P00080000,2023-12-08 9:36AM EST,80.0,8.88,8.8,8.9,0.11,+1.25%,14.0,612,60.35%,Put,2023-12-22,317
BABA231222P00081000,2023-12-05 10:28AM EST,81.0,9.78,9.75,9.9,0.0,-,5.0,84,63.92%,Put,2023-12-22,318
BABA231222P00082000,2023-12-07 11:22AM EST,82.0,11.05,10.7,10.9,0.0,-,22.0,197,67.33%,Put,2023-12-22,319
BABA231222P00087000,2023-12-04 11:04AM EST,87.0,14.8,15.65,15.8,0.0,-,9.0,138,83.55%,Put,2023-12-22,324
BABA231222P00089000,2023-12-04 9:42AM EST,89.0,16.84,17.65,17.75,0.0,-,5.0,127,89.40%,Put,2023-12-22,326
BABA231222P00090000,2023-12-07 1:38PM EST,90.0,18.6,18.6,18.75,0.0,-,5.0,160,91.80%,Put,2023-12-22,327
BABA231222P00093000,2023-12-04 9:37AM EST,93.0,21.5,21.6,21.75,0.0,-,20.0,52,100.88%,Put,2023-12-22,330
BABA231222P00103000,2023-12-01 11:31AM EST,103.0,30.6,31.5,31.65,0.0,-,9.0,9,123.93%,Put,2023-12-22,337
BABA231222P00130000,2023-11-29 3:52PM EST,130.0,55.85,58.45,59.1,0.0,-,21.0,28,187.99%,Put,2023-12-22,344
BABA231229C00040000,2023-11-15 2:51PM EST,40.0,47.2,32.25,32.4,0.0,-,27.0,85,120.31%,Call,2023-12-29,350
BABA231229C00063000,2023-12-06 3:40PM EST,63.0,9.0,9.1,9.35,0.0,-,100.0,101,36.04%,Call,2023-12-29,355
BABA231229C00066000,2023-12-06 12:18PM EST,66.0,6.7,6.35,6.55,0.0,-,11.0,15,32.47%,Call,2023-12-29,358
BABA231229C00068000,2023-12-06 3:47PM EST,68.0,4.45,4.6,4.75,0.0,-,19.0,24,29.00%,Call,2023-12-29,360
BABA231229C00070000,2023-12-08 10:38AM EST,70.0,3.0,3.15,3.3,-0.3,-9.09%,13.0,450,29.00%,Call,2023-12-29,362
BABA231229C00071000,2023-12-08 9:52AM EST,71.0,2.64,2.49,2.61,-0.04,-1.49%,4.0,56,27.93%,Call,2023-12-29,363
BABA231229C00072000,2023-12-08 10:46AM EST,72.0,2.05,2.01,2.07,-0.19,-8.48%,153.0,489,27.95%,Call,2023-12-29,364
BABA231229C00073000,2023-12-08 10:42AM EST,73.0,1.62,1.59,1.65,-0.19,-10.50%,244.0,2139,28.54%,Call,2023-12-29,365
BABA231229C00074000,2023-12-08 10:36AM EST,74.0,1.24,1.24,1.29,-0.2,-13.89%,29.0,1146,28.93%,Call,2023-12-29,366
BABA231229C00075000,2023-12-08 10:55AM EST,75.0,1.0,1.0,1.03,-0.13,-11.50%,851.0,4683,29.83%,Call,2023-12-29,367
BABA231229C00076000,2023-12-08 10:55AM EST,76.0,0.8,0.77,0.8,-0.09,-10.11%,220.0,1108,30.32%,Call,2023-12-29,368
BABA231229C00077000,2023-12-08 10:56AM EST,77.0,0.63,0.61,0.64,-0.09,-12.50%,108.0,4825,31.25%,Call,2023-12-29,369
BABA231229C00078000,2023-12-08 10:36AM EST,78.0,0.49,0.49,0.52,-0.1,-16.95%,99.0,1132,32.32%,Call,2023-12-29,370
BABA231229C00079000,2023-12-08 10:51AM EST,79.0,0.4,0.4,0.42,-0.08,-16.67%,20.0,6894,33.25%,Call,2023-12-29,371
BABA231229C00080000,2023-12-08 10:49AM EST,80.0,0.34,0.33,0.34,-0.06,-15.00%,319.0,8293,34.18%,Call,2023-12-29,372
BABA231229C00081000,2023-12-08 10:41AM EST,81.0,0.26,0.26,0.29,-0.05,-16.13%,27.0,1970,35.50%,Call,2023-12-29,373
BABA231229C00082000,2023-12-07 3:52PM EST,82.0,0.25,0.22,0.27,-0.03,-10.71%,13.0,2673,37.55%,Call,2023-12-29,374
BABA231229C00083000,2023-12-08 10:28AM EST,83.0,0.23,0.2,0.21,0.02,+9.52%,27.0,760,37.89%,Call,2023-12-29,375
BABA231229C00084000,2023-12-07 1:03PM EST,84.0,0.18,0.16,0.21,0.0,-,79.0,695,40.33%,Call,2023-12-29,376
BABA231229C00085000,2023-12-08 10:52AM EST,85.0,0.16,0.15,0.16,0.0,-,10.0,3437,40.33%,Call,2023-12-29,377
BABA231229C00086000,2023-12-08 10:37AM EST,86.0,0.15,0.1,0.15,0.01,+7.14%,6.0,1624,41.99%,Call,2023-12-29,378
BABA231229C00087000,2023-12-08 9:44AM EST,87.0,0.12,0.12,0.14,0.0,-,43.0,3578,43.65%,Call,2023-12-29,379
BABA231229C00088000,2023-12-06 11:46AM EST,88.0,0.14,0.04,0.13,0.0,-,15.0,1273,45.12%,Call,2023-12-29,380
BABA231229C00089000,2023-12-06 2:24PM EST,89.0,0.12,0.03,0.19,0.0,-,9.0,266,50.68%,Call,2023-12-29,381
BABA231229C00090000,2023-12-07 2:41PM EST,90.0,0.09,0.07,0.08,0.0,-,198.0,3455,45.31%,Call,2023-12-29,382
BABA231229C00091000,2023-12-07 2:53PM EST,91.0,0.09,0.03,0.17,0.0,-,10.0,447,53.71%,Call,2023-12-29,383
BABA231229C00093000,2023-12-06 2:33PM EST,93.0,0.06,0.05,0.16,0.0,-,4.0,299,53.13%,Call,2023-12-29,385
BABA231229C00095000,2023-12-07 3:59PM EST,95.0,0.02,0.02,0.08,0.0,-,33.0,3099,50.78%,Call,2023-12-29,387
BABA231229C00096000,2023-12-05 10:06AM EST,96.0,0.08,0.0,0.15,0.0,-,17.0,34,55.47%,Call,2023-12-29,388
BABA231229C00099000,2023-11-27 2:49PM EST,99.0,0.12,0.0,0.14,0.0,-,50.0,51,59.77%,Call,2023-12-29,391
BABA231229C00100000,2023-12-07 3:46PM EST,100.0,0.03,0.02,0.04,0.0,-,13.0,2504,55.08%,Call,2023-12-29,392
BABA231229C00102000,2023-12-06 11:41AM EST,102.0,0.03,0.0,0.03,0.0,-,20.0,23,53.91%,Call,2023-12-29,394
BABA231229C00105000,2023-12-06 10:18AM EST,105.0,0.03,0.0,0.12,0.0,-,4.0,283,67.58%,Call,2023-12-29,396
BABA231229P00045000,2023-12-01 9:57AM EST,45.0,0.07,0.0,0.12,0.0,-,4.0,4,87.50%,Put,2023-12-29,404
BABA231229P00055000,2023-12-08 10:47AM EST,55.0,0.08,0.0,0.15,-0.05,-38.46%,10.0,27,55.66%,Put,2023-12-29,406
BABA231229P00060000,2023-12-07 3:33PM EST,60.0,0.09,0.03,0.19,0.0,-,35.0,656,47.85%,Put,2023-12-29,407
BABA231229P00062000,2023-12-08 9:40AM EST,62.0,0.15,0.11,0.16,0.03,+25.00%,10.0,240,39.36%,Put,2023-12-29,409
BABA231229P00063000,2023-12-07 12:47PM EST,63.0,0.21,0.15,0.18,0.0,-,7.0,55,37.01%,Put,2023-12-29,410
BABA231229P00064000,2023-12-08 10:30AM EST,64.0,0.23,0.21,0.23,-0.12,-34.29%,4.0,230,35.65%,Put,2023-12-29,411
BABA231229P00065000,2023-12-08 10:47AM EST,65.0,0.3,0.29,0.32,-0.04,-11.76%,10.0,3034,35.11%,Put,2023-12-29,412
BABA231229P00066000,2023-12-08 9:56AM EST,66.0,0.44,0.4,0.43,-0.02,-4.35%,6.0,323,34.38%,Put,2023-12-29,413
BABA231229P00067000,2023-12-07 2:43PM EST,67.0,0.61,0.57,0.6,0.0,-,26.0,1396,34.23%,Put,2023-12-29,414
BABA231229P00068000,2023-12-08 10:26AM EST,68.0,0.8,0.78,0.83,-0.07,-8.05%,8.0,880,34.33%,Put,2023-12-29,415
BABA231229P00069000,2023-12-08 10:05AM EST,69.0,1.14,1.09,1.15,-0.01,-0.87%,124.0,786,34.99%,Put,2023-12-29,416
BABA231229P00070000,2023-12-08 10:34AM EST,70.0,1.5,1.47,1.53,-0.05,-3.23%,45.0,8283,35.52%,Put,2023-12-29,417
BABA231229P00072000,2023-12-08 10:46AM EST,72.0,2.44,2.4,2.48,-0.08,-3.17%,38.0,2422,36.48%,Put,2023-12-29,419
BABA231229P00073000,2023-12-08 9:50AM EST,73.0,3.06,3.05,3.15,-0.02,-0.65%,181.0,985,38.36%,Put,2023-12-29,420
BABA231229P00074000,2023-12-08 10:47AM EST,74.0,3.77,3.75,3.85,-0.04,-1.05%,8.0,815,39.89%,Put,2023-12-29,421
BABA231229P00075000,2023-12-08 10:26AM EST,75.0,4.41,4.45,4.55,-0.04,-0.90%,19.0,2350,40.72%,Put,2023-12-29,422
BABA231229P00076000,2023-12-08 9:53AM EST,76.0,5.37,5.2,5.35,-0.07,-1.29%,5.0,237,42.43%,Put,2023-12-29,423
BABA231229P00077000,2023-12-08 10:49AM EST,77.0,6.14,6.1,6.3,0.02,+0.33%,5.0,434,46.05%,Put,2023-12-29,424
BABA231229P00080000,2023-12-07 2:34PM EST,80.0,9.13,8.85,9.05,0.26,+2.93%,5.0,838,51.71%,Put,2023-12-29,427
BABA231229P00088000,2023-12-07 10:00AM EST,88.0,17.02,16.6,16.75,0.0,-,10.0,55,70.51%,Put,2023-12-29,435
BABA231229P00095000,2023-12-01 9:44AM EST,95.0,22.99,23.5,23.7,0.0,-,28.0,199,85.94%,Put,2023-12-29,442
BABA231229P00105000,2023-11-21 9:32AM EST,105.0,27.49,33.45,33.7,0.0,-,15.0,22,106.30%,Put,2023-12-29,446
BABA240105C00067000,2023-12-06 2:13PM EST,67.0,5.74,5.6,5.8,0.0,-,35.0,40,29.98%,Call,2024-01-05,463
BABA240105C00069000,2023-12-08 10:14AM EST,69.0,4.27,4.1,4.2,-0.06,-1.39%,20.0,125,28.42%,Call,2024-01-05,465
BABA240105C00070000,2023-12-08 10:22AM EST,70.0,3.6,3.4,3.5,-0.02,-0.55%,26.0,2379,27.98%,Call,2024-01-05,466
BABA240105C00071000,2023-12-08 10:35AM EST,71.0,2.88,2.85,2.95,-0.1,-3.36%,6.0,187,28.66%,Call,2024-01-05,467
BABA240105C00072000,2023-12-08 10:35AM EST,72.0,2.35,2.37,2.42,-0.18,-7.11%,32.0,440,28.66%,Call,2024-01-05,468
BABA240105C00073000,2023-12-08 10:52AM EST,73.0,1.94,1.97,1.98,-0.16,-7.62%,43.0,307,28.96%,Call,2024-01-05,469
BABA240105C00074000,2023-12-08 10:36AM EST,74.0,1.55,1.56,1.61,-0.11,-6.63%,20.0,1246,29.30%,Call,2024-01-05,470
BABA240105C00075000,2023-12-08 10:56AM EST,75.0,1.3,1.26,1.31,-0.11,-7.80%,120.0,895,29.79%,Call,2024-01-05,471
BABA240105C00076000,2023-12-08 10:43AM EST,76.0,1.04,1.03,1.07,-0.12,-10.34%,4.0,403,30.40%,Call,2024-01-05,472
BABA240105C00077000,2023-12-08 10:06AM EST,77.0,0.85,0.83,0.87,-0.09,-9.57%,25.0,520,30.96%,Call,2024-01-05,473
BABA240105C00078000,2023-12-08 10:30AM EST,78.0,0.69,0.68,0.73,-0.1,-12.66%,119.0,361,31.93%,Call,2024-01-05,474
BABA240105C00079000,2023-12-07 2:37PM EST,79.0,0.66,0.56,0.61,0.0,-,27.0,177,32.81%,Call,2024-01-05,475
BABA240105C00080000,2023-12-08 10:43AM EST,80.0,0.5,0.46,0.5,-0.05,-9.09%,253.0,1411,33.40%,Call,2024-01-05,476
BABA240105C00081000,2023-12-07 1:41PM EST,81.0,0.42,0.38,0.42,-0.05,-10.64%,7.0,152,34.23%,Call,2024-01-05,477
BABA240105C00082000,2023-12-08 10:52AM EST,82.0,0.35,0.32,0.37,-0.03,-7.89%,35.0,442,35.50%,Call,2024-01-05,478
BABA240105C00083000,2023-12-07 3:33PM EST,83.0,0.27,0.28,0.31,-0.05,-15.62%,4.0,512,36.18%,Call,2024-01-05,479
BABA240105C00084000,2023-12-07 10:51AM EST,84.0,0.3,0.23,0.27,0.0,-,53.0,205,37.21%,Call,2024-01-05,480
BABA240105C00085000,2023-12-08 9:52AM EST,85.0,0.23,0.2,0.24,0.0,-,7.0,526,38.28%,Call,2024-01-05,481
BABA240105C00086000,2023-12-07 2:06PM EST,86.0,0.23,0.17,0.21,0.0,-,43.0,198,39.21%,Call,2024-01-05,482
BABA240105C00090000,2023-12-08 10:16AM EST,90.0,0.12,0.12,0.14,-0.01,-7.69%,5.0,353,43.46%,Call,2024-01-05,486
BABA240105C00093000,2023-12-01 3:26PM EST,93.0,0.17,0.08,0.17,-0.06,-26.09%,4.0,45,50.20%,Call,2024-01-05,489
BABA240105C00095000,2023-12-07 9:32AM EST,95.0,0.09,0.02,0.15,-0.06,-40.00%,7.0,44,52.34%,Call,2024-01-05,491
BABA240105C00100000,2023-12-08 10:43AM EST,100.0,0.08,0.05,0.07,0.01,+14.29%,300.0,116,52.34%,Call,2024-01-05,495
BABA240105C00104000,2023-12-01 3:09PM EST,104.0,0.05,0.01,0.17,0.0,-,10.0,10,60.94%,Call,2024-01-05,498
BABA240105P00060000,2023-12-07 3:44PM EST,60.0,0.15,0.07,0.24,0.0,-,23.0,164,43.85%,Put,2024-01-05,501
BABA240105P00062000,2023-12-07 2:37PM EST,62.0,0.23,0.21,0.24,0.0,-,29.0,34,37.60%,Put,2024-01-05,503
BABA240105P00065000,2023-12-08 10:56AM EST,65.0,0.48,0.46,0.48,-0.02,-4.00%,4.0,292,34.57%,Put,2024-01-05,506
BABA240105P00067000,2023-12-07 3:22PM EST,67.0,0.88,0.8,0.87,0.0,-,68.0,393,34.67%,Put,2024-01-05,508
BABA240105P00068000,2023-12-08 10:52AM EST,68.0,1.09,1.06,1.11,-0.06,-5.22%,108.0,130,34.33%,Put,2024-01-05,509
BABA240105P00069000,2023-12-08 10:52AM EST,69.0,1.4,1.36,1.42,-0.21,-13.04%,107.0,180,34.33%,Put,2024-01-05,510
BABA240105P00071000,2023-12-07 3:22PM EST,71.0,2.31,2.23,2.29,0.0,-,63.0,4758,35.35%,Put,2024-01-05,512
BABA240105P00072000,2023-12-08 10:43AM EST,72.0,2.83,2.77,2.83,-0.01,-0.35%,6.0,1225,36.08%,Put,2024-01-05,513
BABA240105P00073000,2023-12-08 10:22AM EST,73.0,3.3,3.35,3.45,-0.13,-3.79%,12.0,268,37.11%,Put,2024-01-05,514
BABA240105P00078000,2023-12-08 9:58AM EST,78.0,7.26,7.2,7.3,-0.1,-1.36%,6.0,60,43.75%,Put,2024-01-05,519
BABA240105P00081000,2023-12-05 3:53PM EST,81.0,9.85,9.85,10.05,0.0,-,12.0,205,49.76%,Put,2024-01-05,522
BABA240105P00085000,2023-12-07 10:50AM EST,85.0,13.79,13.65,13.85,0.0,-,44.0,57,55.59%,Put,2024-01-05,526
BABA240105P00087000,2023-12-04 10:24AM EST,87.0,14.56,15.55,15.8,0.0,-,5.0,2,59.03%,Put,2024-01-05,528
BABA240105P00090000,2023-12-07 1:42PM EST,90.0,18.6,18.65,18.8,0.0,-,22.0,25,67.14%,Put,2024-01-05,531
BABA240112C00067000,2023-12-06 3:54PM EST,67.0,5.54,5.75,5.9,0.0,-,146.0,232,28.71%,Call,2024-01-12,544
BABA240112C00068000,2023-12-06 12:03PM EST,68.0,5.3,5.1,5.25,0.0,-,160.0,153,30.23%,Call,2024-01-12,545
BABA240112C00069000,2023-12-08 9:33AM EST,69.0,4.7,4.35,4.45,0.2,+4.44%,6.0,28,28.86%,Call,2024-01-12,546
BABA240112C00070000,2023-12-07 12:41PM EST,70.0,3.9,3.75,3.9,0.0,-,7.0,62,29.98%,Call,2024-01-12,547
BABA240112C00072000,2023-12-08 10:22AM EST,72.0,2.88,2.72,2.8,0.0,-,5.0,260,30.01%,Call,2024-01-12,549
BABA240112C00073000,2023-12-08 10:42AM EST,73.0,2.26,2.26,2.33,-0.21,-8.50%,6.0,219,29.92%,Call,2024-01-12,550
BABA240112C00074000,2023-12-08 10:54AM EST,74.0,1.97,1.92,1.98,-0.12,-5.74%,14.0,286,30.54%,Call,2024-01-12,551
BABA240112C00075000,2023-12-08 10:35AM EST,75.0,1.6,1.61,1.64,-0.18,-10.11%,40.0,346,30.69%,Call,2024-01-12,552
BABA240112C00076000,2023-12-08 10:10AM EST,76.0,1.45,1.35,1.4,-0.05,-3.33%,459.0,1695,31.49%,Call,2024-01-12,553
BABA240112C00077000,2023-12-08 9:56AM EST,77.0,1.24,1.11,1.17,-0.02,-1.59%,390.0,52,31.91%,Call,2024-01-12,554
BABA240112C00078000,2023-12-08 10:29AM EST,78.0,1.05,0.94,0.99,-0.03,-2.78%,8.0,43,32.54%,Call,2024-01-12,555
BABA240112C00079000,2023-12-08 9:48AM EST,79.0,0.86,0.8,0.84,-0.01,-1.15%,18.0,256,33.18%,Call,2024-01-12,556
BABA240112C00080000,2023-12-08 10:39AM EST,80.0,0.7,0.67,0.72,-0.09,-11.39%,49.0,294,33.94%,Call,2024-01-12,557
BABA240112C00082000,2023-12-07 3:56PM EST,82.0,0.56,0.49,0.53,0.0,-,14.0,37,35.33%,Call,2024-01-12,559
BABA240112C00084000,2023-12-07 1:24PM EST,84.0,0.42,0.37,0.41,0.0,-,50.0,29,37.06%,Call,2024-01-12,561
BABA240112C00085000,2023-12-07 3:54PM EST,85.0,0.38,0.32,0.36,0.0,-,8.0,92,37.84%,Call,2024-01-12,562
BABA240112C00090000,2023-12-08 10:24AM EST,90.0,0.22,0.17,0.22,0.03,+15.79%,301.0,80,42.48%,Call,2024-01-12,565
BABA240112C00095000,2023-12-01 1:27PM EST,95.0,0.1,0.0,0.17,-0.08,-44.44%,50.0,0,48.05%,Call,2024-01-12,566
BABA240112P00055000,2023-12-05 11:45AM EST,55.0,0.11,0.0,0.25,0.0,-,6.0,4,54.20%,Put,2024-01-12,570
BABA240112P00060000,2023-12-06 3:50PM EST,60.0,0.27,0.19,0.23,0.0,-,13.0,36,38.97%,Put,2024-01-12,571
BABA240112P00064000,2023-12-08 10:31AM EST,64.0,0.53,0.51,0.55,-0.04,-7.02%,6.0,40,35.69%,Put,2024-01-12,574
BABA240112P00065000,2023-12-07 3:42PM EST,65.0,0.72,0.65,0.7,0.0,-,20.0,46,35.28%,Put,2024-01-12,575
BABA240112P00067000,2023-12-07 2:03PM EST,67.0,1.16,1.06,1.11,0.0,-,14.0,146,34.67%,Put,2024-01-12,577
BABA240112P00068000,2023-12-08 10:14AM EST,68.0,1.33,1.34,1.41,-0.09,-6.34%,4.0,117,34.84%,Put,2024-01-12,578
BABA240112P00072000,2023-12-08 9:58AM EST,72.0,3.05,3.05,3.15,-0.05,-1.61%,11.0,114,35.89%,Put,2024-01-12,582
BABA240112P00073000,2023-12-08 10:31AM EST,73.0,3.65,3.65,3.75,-0.05,-1.35%,12.0,71,36.57%,Put,2024-01-12,583
BABA240112P00078000,2023-12-06 2:47PM EST,78.0,7.67,7.35,7.5,0.0,-,6.0,15,41.75%,Put,2024-01-12,588
BABA240112P00079000,2023-12-06 3:21PM EST,79.0,8.67,8.2,8.35,0.0,-,8.0,26,42.94%,Put,2024-01-12,589
BABA240112P00080000,2023-12-05 1:12PM EST,80.0,9.19,9.0,9.15,0.0,-,34.0,33,43.19%,Put,2024-01-12,590
BABA240112P00086000,2023-12-07 11:44AM EST,86.0,14.9,14.55,14.85,0.0,-,5.0,0,51.12%,Put,2024-01-12,596
BABA240119C00010000,2023-09-05 12:57PM EST,10.0,85.2,73.35,74.2,0.0,-,8.0,38,0.00%,Call,2024-01-19,603
BABA240119C00012500,2023-09-05 12:57PM EST,12.5,82.75,70.9,71.65,0.0,-,8.0,9,"1,248.44%",Call,2024-01-19,604
BABA240119C00015000,2023-11-03 9:18AM EST,15.0,70.05,57.85,60.0,0.0,-,10.0,10,361.13%,Call,2024-01-19,605
BABA240119C00022500,2023-11-17 9:55AM EST,22.5,54.85,49.7,50.1,0.0,-,5.0,77,173.44%,Call,2024-01-19,608
BABA240119C00025000,2023-12-07 12:27PM EST,25.0,47.25,47.05,47.25,0.0,-,5.0,2286,134.38%,Call,2024-01-19,609
BABA240119C00030000,2023-12-08 10:09AM EST,30.0,42.41,41.95,42.3,-1.29,-2.95%,4.0,167,121.09%,Call,2024-01-19,610
BABA240119C00040000,2023-12-06 1:11PM EST,40.0,32.15,31.8,32.45,0.0,-,160.0,4254,96.97%,Call,2024-01-19,612
BABA240119C00060000,2023-12-07 1:17PM EST,60.0,12.2,12.2,12.35,-0.15,-1.21%,78.0,2763,33.40%,Call,2024-01-19,616
BABA240119C00065000,2023-12-08 10:29AM EST,65.0,7.85,7.6,7.75,0.12,+1.55%,27.0,2869,30.03%,Call,2024-01-19,617
BABA240119C00070000,2023-12-08 10:44AM EST,70.0,4.05,4.1,4.2,-0.22,-5.15%,184.0,13757,30.66%,Call,2024-01-19,618
BABA240119C00075000,2023-12-08 10:56AM EST,75.0,1.94,1.94,1.96,-0.13,-6.28%,2363.0,32471,31.49%,Call,2024-01-19,619
BABA240119C00080000,2023-12-08 10:57AM EST,80.0,0.92,0.91,0.92,-0.06,-6.12%,3437.0,68464,33.99%,Call,2024-01-19,620
BABA240119C00085000,2023-12-08 10:55AM EST,85.0,0.47,0.46,0.47,-0.01,-2.08%,804.0,43642,37.11%,Call,2024-01-19,621
BABA240119C00090000,2023-12-08 10:47AM EST,90.0,0.26,0.25,0.27,-0.01,-3.70%,305.0,35953,40.58%,Call,2024-01-19,622
BABA240119C00095000,2023-12-08 10:52AM EST,95.0,0.16,0.15,0.17,0.0,-,19.0,41299,44.04%,Call,2024-01-19,623
BABA240119C00100000,2023-12-08 10:38AM EST,100.0,0.12,0.11,0.12,0.01,+9.09%,340.0,77381,47.66%,Call,2024-01-19,624
BABA240119C00105000,2023-12-08 10:26AM EST,105.0,0.09,0.08,0.09,0.01,+12.50%,17.0,17118,50.78%,Call,2024-01-19,625
BABA240119C00110000,2023-12-08 10:53AM EST,110.0,0.07,0.07,0.08,0.01,+16.67%,406.0,24887,55.08%,Call,2024-01-19,626
BABA240119C00115000,2023-12-07 3:59PM EST,115.0,0.04,0.03,0.1,0.0,-,216.0,22065,58.79%,Call,2024-01-19,627
BABA240119C00120000,2023-12-08 10:10AM EST,120.0,0.02,0.02,0.05,-0.03,-60.00%,572.0,34613,58.59%,Call,2024-01-19,628
BABA240119C00130000,2023-12-07 2:37PM EST,130.0,0.02,0.0,0.06,0.0,-,233.0,13017,65.63%,Call,2024-01-19,630
BABA240119C00140000,2023-12-08 10:13AM EST,140.0,0.03,0.01,0.03,0.0,-,118.0,18742,69.53%,Call,2024-01-19,632
BABA240119C00155000,2023-12-07 10:03AM EST,155.0,0.05,0.0,0.02,0.0,-,4.0,7523,73.44%,Call,2024-01-19,635
BABA240119C00160000,2023-12-06 3:55PM EST,160.0,0.02,0.01,0.03,0.0,-,13.0,14100,82.03%,Call,2024-01-19,636
BABA240119C00170000,2023-12-08 10:46AM EST,170.0,0.01,0.0,0.03,0.0,-,19.0,15455,84.38%,Call,2024-01-19,638
BABA240119C00180000,2023-12-08 10:47AM EST,180.0,0.01,0.01,0.02,0.0,-,19.0,59979,89.84%,Call,2024-01-19,640
BABA240119C00185000,2023-11-29 3:53PM EST,185.0,0.01,0.0,0.11,0.0,-,9.0,1909,104.30%,Call,2024-01-19,641
BABA240119C00210000,2023-11-28 11:54AM EST,210.0,0.04,0.0,0.11,0.0,-,4.0,7544,116.02%,Call,2024-01-19,645
BABA240119C00240000,2023-12-04 12:05PM EST,240.0,0.01,0.0,0.01,0.0,-,80.0,1840,103.13%,Call,2024-01-19,649
BABA240119C00260000,2023-10-02 9:07AM EST,260.0,0.02,0.0,0.09,0.0,-,12.0,680,132.81%,Call,2024-01-19,653
BABA240119C00270000,2023-10-20 9:08AM EST,270.0,0.01,0.0,0.03,0.0,-,356.0,660,123.44%,Call,2024-01-19,655
BABA240119C00280000,2023-12-06 11:56AM EST,280.0,0.01,0.0,0.04,0.0,-,50.0,1535,129.69%,Call,2024-01-19,657
BABA240119C00285000,2023-12-04 12:05PM EST,285.0,0.01,0.0,0.01,0.0,-,109.0,995,118.75%,Call,2024-01-19,658
BABA240119C00310000,2023-12-04 9:38AM EST,310.0,0.01,0.0,0.01,0.0,-,4.0,4013,125.00%,Call,2024-01-19,663
BABA240119P00005000,2023-11-15 10:30AM EST,5.0,0.05,0.0,0.01,0.0,-,10.0,120,256.25%,Put,2024-01-19,664
BABA240119P00012500,2023-10-13 10:17AM EST,12.5,0.01,0.0,0.02,0.0,-,10.0,20,178.13%,Put,2024-01-19,666
BABA240119P00015000,2023-05-22 10:11AM EST,15.0,0.06,0.0,0.0,0.0,-,20.0,0,50.00%,Put,2024-01-19,667
BABA240119P00025000,2023-12-01 11:32AM EST,25.0,0.01,0.0,0.05,0.0,-,300.0,2099,118.75%,Put,2024-01-19,671
BABA240119P00030000,2023-09-25 10:41AM EST,30.0,0.02,0.0,0.1,0.0,-,4.0,1176,107.81%,Put,2024-01-19,672
BABA240119P00050000,2023-12-08 10:09AM EST,50.0,0.1,0.04,0.11,0.0,-,4.0,5597,51.76%,Put,2024-01-19,676
BABA240119P00055000,2023-12-06 1:18PM EST,55.0,0.14,0.08,0.15,0.0,-,10.0,2974,44.82%,Put,2024-01-19,677
BABA240119P00060000,2023-12-08 10:14AM EST,60.0,0.3,0.29,0.3,0.0,-,395.0,13706,37.89%,Put,2024-01-19,678
BABA240119P00065000,2023-12-08 10:31AM EST,65.0,0.87,0.85,0.89,-0.02,-2.25%,199.0,7071,35.35%,Put,2024-01-19,679
BABA240119P00070000,2023-12-08 10:55AM EST,70.0,2.4,2.39,2.43,0.0,-,585.0,32102,35.06%,Put,2024-01-19,680
BABA240119P00075000,2023-12-08 10:30AM EST,75.0,5.18,5.25,5.35,-0.07,-1.33%,141.0,33374,37.48%,Put,2024-01-19,681
BABA240119P00080000,2023-12-08 10:55AM EST,80.0,9.3,9.25,9.4,0.15,+1.64%,22.0,30935,42.65%,Put,2024-01-19,682
BABA240119P00090000,2023-12-07 2:38PM EST,90.0,19.0,18.7,18.85,0.38,+2.04%,20.0,23179,55.86%,Put,2024-01-19,684
BABA240119P00095000,2023-12-07 11:26AM EST,95.0,23.9,23.65,23.8,0.0,-,4.0,18493,63.82%,Put,2024-01-19,685
BABA240119P00110000,2023-12-08 10:09AM EST,110.0,38.45,38.55,38.7,-0.04,-0.10%,4.0,2371,83.79%,Put,2024-01-19,688
BABA240119P00120000,2023-11-28 10:09AM EST,120.0,45.15,48.45,48.7,0.0,-,7.0,9,94.68%,Put,2024-01-19,690
BABA240119P00130000,2023-11-16 12:47PM EST,130.0,51.05,58.4,58.65,0.0,-,10.0,94,103.96%,Put,2024-01-19,692
BABA240119P00140000,2023-11-07 10:48AM EST,140.0,54.71,67.5,69.15,0.0,-,40.0,0,106.64%,Put,2024-01-19,694
BABA240119P00150000,2023-12-04 11:16AM EST,150.0,77.31,78.45,79.15,0.0,-,4.0,305,130.47%,Put,2024-01-19,696
BABA240119P00155000,2023-12-05 3:38PM EST,155.0,83.0,83.4,84.9,0.0,-,20.0,337,143.65%,Put,2024-01-19,697
BABA240119P00175000,2023-10-13 2:11PM EST,175.0,90.7,92.0,92.45,0.0,-,400.0,0,0.00%,Put,2024-01-19,701
BABA240119P00200000,2023-11-30 1:21PM EST,200.0,125.9,127.5,128.55,0.0,-,15.0,15,130.47%,Put,2024-01-19,706
BABA240119P00220000,2023-11-22 11:00AM EST,220.0,141.1,147.75,149.55,0.0,-,16.0,16,172.41%,Put,2024-01-19,708
BABA240119P00235000,2023-12-04 11:56AM EST,235.0,162.01,163.3,164.35,0.0,-,4.0,4,185.99%,Put,2024-01-19,710
BABA240119P00245000,2023-05-03 1:20PM EST,245.0,163.2,159.2,161.65,0.0,-,7.0,0,0.00%,Put,2024-01-19,712
BABA240119P00250000,2023-09-14 9:31AM EST,250.0,162.0,165.8,166.1,0.0,-,24.0,0,0.00%,Put,2024-01-19,713
BABA240119P00255000,2023-11-24 10:32AM EST,255.0,176.3,182.5,184.15,0.0,-,6.0,12,175.10%,Put,2024-01-19,714
BABA240119P00265000,2023-11-27 1:46PM EST,265.0,187.71,192.0,194.1,0.0,-,13.0,24,161.13%,Put,2024-01-19,716
BABA240119P00270000,2023-11-28 3:18PM EST,270.0,193.5,197.75,199.35,0.0,-,15.0,17,191.50%,Put,2024-01-19,717
BABA240126C00065000,2023-12-08 10:14AM EST,65.0,8.19,7.8,7.95,0.54,+7.06%,10.0,90,30.86%,Call,2024-01-26,726
BABA240126C00070000,2023-12-08 10:32AM EST,70.0,4.5,4.35,4.5,-0.05,-1.10%,10.0,192,31.35%,Call,2024-01-26,728
BABA240126C00071000,2023-12-08 9:35AM EST,71.0,3.9,3.8,3.95,0.1,+2.63%,10.0,-,31.42%,Call,2024-01-26,729
BABA240126C00072000,2023-12-08 10:42AM EST,72.0,3.35,3.3,3.45,-0.2,-5.63%,252.0,11,31.52%,Call,2024-01-26,730
BABA240126C00073000,2023-12-08 10:33AM EST,73.0,3.0,2.89,2.98,-0.1,-3.23%,49.0,23,31.45%,Call,2024-01-26,731
BABA240126C00075000,2023-12-08 10:32AM EST,75.0,2.3,2.23,2.28,-0.09,-3.77%,67.0,31,32.30%,Call,2024-01-26,733
BABA240126C00076000,2023-12-07 1:14PM EST,76.0,1.96,1.89,1.97,-0.06,-2.97%,13.0,5,32.52%,Call,2024-01-26,734
BABA240126C00080000,2023-12-08 10:53AM EST,80.0,1.12,1.07,1.12,-0.09,-7.44%,18.0,24,34.06%,Call,2024-01-26,736
BABA240126P00060000,2023-12-07 2:51PM EST,60.0,0.39,0.33,0.42,0.0,-,18.0,16,38.33%,Put,2024-01-26,741
BABA240126P00065000,2023-12-08 10:37AM EST,65.0,1.08,0.99,1.07,0.0,-,111.0,1,35.33%,Put,2024-01-26,742
BABA240126P00067000,2023-12-07 2:58PM EST,67.0,1.57,1.5,1.59,-0.03,-1.87%,52.0,10,35.13%,Put,2024-01-26,744
BABA240126P00069000,2023-12-07 2:30PM EST,69.0,2.25,2.16,2.29,0.0,-,5.0,5,35.21%,Put,2024-01-26,745
BABA240126P00071000,2023-12-07 11:31AM EST,71.0,3.23,3.05,3.2,0.0,-,9.0,8,35.65%,Put,2024-01-26,747
BABA240126P00073000,2023-12-07 3:42PM EST,73.0,4.24,4.15,4.3,0.04,+0.95%,52.0,90,36.24%,Put,2024-01-26,749
BABA240126P00076000,2023-12-07 11:19AM EST,76.0,6.4,5.9,6.3,0.0,-,6.0,6,37.67%,Put,2024-01-26,750
BABA240216C00055000,2023-12-07 3:40PM EST,55.0,17.5,16.35,18.2,0.0,-,10.0,73,55.13%,Call,2024-02-16,756
BABA240216C00060000,2023-12-08 10:18AM EST,60.0,12.85,12.55,12.75,0.15,+1.18%,8.0,242,34.79%,Call,2024-02-16,757
BABA240216C00065000,2023-12-08 10:14AM EST,65.0,8.8,8.55,8.65,0.05,+0.57%,8.0,488,33.92%,Call,2024-02-16,758
BABA240216C00070000,2023-12-08 10:20AM EST,70.0,5.5,5.3,5.45,0.0,-,71.0,1841,34.13%,Call,2024-02-16,759
BABA240216C00075000,2023-12-08 10:47AM EST,75.0,3.17,3.1,3.15,-0.16,-4.80%,354.0,4782,34.11%,Call,2024-02-16,760
BABA240216C00080000,2023-12-08 10:54AM EST,80.0,1.83,1.76,1.8,-0.12,-6.15%,455.0,14371,35.25%,Call,2024-02-16,761
BABA240216C00085000,2023-12-08 10:53AM EST,85.0,1.06,1.05,1.09,-0.11,-9.40%,1910.0,18777,37.35%,Call,2024-02-16,762
BABA240216C00090000,2023-12-08 10:44AM EST,90.0,0.64,0.63,0.65,-0.09,-12.33%,121.0,7202,38.92%,Call,2024-02-16,763
BABA240216C00095000,2023-12-08 10:41AM EST,95.0,0.42,0.4,0.43,-0.04,-8.70%,41.0,5178,41.21%,Call,2024-02-16,764
BABA240216C00100000,2023-12-08 10:50AM EST,100.0,0.29,0.27,0.29,-0.02,-6.45%,82.0,15654,43.26%,Call,2024-02-16,765
BABA240216C00105000,2023-12-07 1:45PM EST,105.0,0.24,0.2,0.3,0.0,-,52.0,3008,48.54%,Call,2024-02-16,766
BABA240216C00110000,2023-12-07 1:44PM EST,110.0,0.2,0.11,0.17,0.0,-,6.0,4897,48.24%,Call,2024-02-16,767
BABA240216C00125000,2023-12-06 3:57PM EST,125.0,0.08,0.03,0.09,-0.02,-20.00%,100.0,1277,51.95%,Call,2024-02-16,770
BABA240216C00150000,2023-11-29 10:27AM EST,150.0,0.04,0.0,0.15,0.0,-,101.0,815,67.97%,Call,2024-02-16,775
BABA240216C00175000,2023-11-14 1:45PM EST,175.0,0.05,0.0,0.14,0.0,-,21.0,162,79.30%,Call,2024-02-16,780
BABA240216C00180000,2023-12-01 9:39AM EST,180.0,0.01,0.0,0.14,0.0,-,44.0,56,81.25%,Call,2024-02-16,781
BABA240216C00190000,2023-11-21 9:49AM EST,190.0,0.08,0.01,0.1,0.0,-,8.0,548,83.20%,Call,2024-02-16,783
BABA240216P00045000,2023-12-05 10:15AM EST,45.0,0.05,0.02,0.14,0.0,-,240.0,328,50.78%,Put,2024-02-16,785
BABA240216P00050000,2023-12-07 9:32AM EST,50.0,0.16,0.12,0.18,-0.02,-11.11%,10.0,536,46.58%,Put,2024-02-16,786
BABA240216P00055000,2023-12-07 3:59PM EST,55.0,0.33,0.3,0.34,0.0,-,9.0,479,41.31%,Put,2024-02-16,787
BABA240216P00060000,2023-12-08 9:46AM EST,60.0,0.72,0.69,0.74,-0.03,-4.00%,13.0,4635,37.84%,Put,2024-02-16,788
BABA240216P00065000,2023-12-08 9:46AM EST,65.0,1.6,1.59,1.64,-0.06,-3.61%,232.0,2510,35.83%,Put,2024-02-16,789
BABA240216P00070000,2023-12-08 10:35AM EST,70.0,3.4,3.3,3.4,-0.05,-1.45%,263.0,7540,35.28%,Put,2024-02-16,790
BABA240216P00075000,2023-12-08 10:52AM EST,75.0,6.15,6.1,6.25,-0.02,-0.32%,17.0,9679,36.44%,Put,2024-02-16,791
BABA240216P00080000,2023-12-08 10:43AM EST,80.0,9.9,9.75,9.9,0.09,+0.92%,5.0,5185,37.92%,Put,2024-02-16,792
BABA240216P00085000,2023-12-08 9:36AM EST,85.0,14.23,14.1,14.3,0.23,+1.64%,66.0,1971,41.87%,Put,2024-02-16,793
BABA240216P00100000,2023-12-08 9:42AM EST,100.0,28.75,28.3,28.85,-0.45,-1.54%,39.0,2856,53.56%,Put,2024-02-16,796
BABA240216P00105000,2023-12-07 3:55PM EST,105.0,33.89,32.8,34.0,0.0,-,20.0,355,55.76%,Put,2024-02-16,797
BABA240216P00110000,2023-12-06 1:46PM EST,110.0,38.6,38.2,39.1,0.0,-,5.0,201,65.85%,Put,2024-02-16,798
BABA240216P00115000,2023-11-29 3:22PM EST,115.0,41.21,42.75,43.75,0.0,-,120.0,103,61.82%,Put,2024-02-16,799
BABA240216P00120000,2023-12-04 10:02AM EST,120.0,47.45,48.2,49.1,0.0,-,25.0,25,75.39%,Put,2024-02-16,800
BABA240315C00050000,2023-12-08 10:37AM EST,50.0,22.25,22.25,22.5,0.05,+0.23%,5.0,203,43.75%,Call,2024-03-15,812
BABA240315C00055000,2023-12-08 10:44AM EST,55.0,17.65,17.65,17.8,-0.14,-0.79%,6.0,231,40.38%,Call,2024-03-15,813
BABA240315C00070000,2023-12-08 10:20AM EST,70.0,6.51,6.5,6.6,-0.19,-2.84%,22.0,1749,36.84%,Call,2024-03-15,816
BABA240315C00075000,2023-12-08 10:37AM EST,75.0,4.2,4.2,4.3,-0.25,-5.62%,336.0,5184,36.63%,Call,2024-03-15,817
BABA240315C00080000,2023-12-08 10:54AM EST,80.0,2.8,2.75,2.77,-0.09,-3.11%,840.0,14761,37.20%,Call,2024-03-15,818
BABA240315C00085000,2023-12-08 10:56AM EST,85.0,1.79,1.79,1.83,-0.13,-6.77%,988.0,7334,38.45%,Call,2024-03-15,819
BABA240315C00090000,2023-12-08 10:54AM EST,90.0,1.21,1.2,1.24,-0.08,-6.20%,943.0,27417,39.94%,Call,2024-03-15,820
BABA240315C00095000,2023-12-08 10:02AM EST,95.0,0.88,0.82,0.86,-0.01,-1.12%,24.0,6457,41.46%,Call,2024-03-15,821
BABA240315C00100000,2023-12-08 10:50AM EST,100.0,0.6,0.6,0.62,-0.05,-7.69%,718.0,13954,43.09%,Call,2024-03-15,822
BABA240315C00105000,2023-12-08 9:40AM EST,105.0,0.47,0.43,0.46,0.02,+4.44%,26.0,3555,44.73%,Call,2024-03-15,823
BABA240315C00110000,2023-12-08 9:49AM EST,110.0,0.36,0.32,0.35,0.0,-,26.0,11982,46.34%,Call,2024-03-15,824
BABA240315C00120000,2023-12-07 3:38PM EST,120.0,0.31,0.17,0.27,0.08,+34.78%,21.0,5517,51.27%,Call,2024-03-15,826
BABA240315C00135000,2023-12-08 9:33AM EST,135.0,0.12,0.07,0.23,-0.01,-7.69%,6.0,489,55.37%,Call,2024-03-15,829
BABA240315C00145000,2023-12-01 1:16PM EST,145.0,0.08,0.03,0.09,0.0,-,61.0,5187,53.91%,Call,2024-03-15,831
BABA240315C00150000,2023-12-07 3:13PM EST,150.0,0.08,0.05,0.13,0.0,-,14.0,962,58.89%,Call,2024-03-15,832
BABA240315C00170000,2023-11-15 10:28AM EST,170.0,0.1,0.01,0.16,0.0,-,200.0,774,66.80%,Call,2024-03-15,836
BABA240315C00190000,2023-12-05 12:15PM EST,190.0,0.04,0.01,0.1,0.0,-,4.0,528,70.51%,Call,2024-03-15,840
BABA240315P00040000,2023-12-06 3:50PM EST,40.0,0.08,0.02,0.09,0.0,-,8.0,113,50.00%,Put,2024-03-15,841
BABA240315P00060000,2023-12-08 10:09AM EST,60.0,1.22,1.2,1.25,-0.08,-6.15%,32.0,4253,38.31%,Put,2024-03-15,845
BABA240315P00065000,2023-12-08 10:37AM EST,65.0,2.39,2.33,2.39,-0.01,-0.42%,10.0,2066,36.69%,Put,2024-03-15,846
BABA240315P00070000,2023-12-08 10:34AM EST,70.0,4.25,4.15,4.3,0.0,-,5.0,9006,36.10%,Put,2024-03-15,847
BABA240315P00075000,2023-12-08 10:53AM EST,75.0,6.94,6.9,7.0,-0.06,-0.86%,445.0,11869,35.91%,Put,2024-03-15,848
BABA240315P00080000,2023-12-08 10:35AM EST,80.0,10.5,10.4,10.6,0.0,-,6.0,18140,37.35%,Put,2024-03-15,849
BABA240315P00090000,2023-12-07 3:32PM EST,90.0,19.05,18.9,19.15,0.0,-,6.0,10143,40.99%,Put,2024-03-15,851
BABA240315P00100000,2023-12-06 12:44PM EST,100.0,28.7,28.6,28.85,0.0,-,33.0,3469,49.15%,Put,2024-03-15,853
BABA240315P00110000,2023-12-04 10:43AM EST,110.0,37.66,38.6,38.85,0.0,-,61.0,1000,56.91%,Put,2024-03-15,855
BABA240315P00115000,2023-12-04 10:35AM EST,115.0,42.65,43.55,43.95,0.0,-,10.0,402,61.52%,Put,2024-03-15,856
BABA240315P00120000,2023-12-07 3:57PM EST,120.0,49.0,47.45,49.25,0.0,-,68.0,92,58.25%,Put,2024-03-15,857
BABA240315P00125000,2023-12-06 9:36AM EST,125.0,53.6,52.7,54.25,0.0,-,10.0,134,64.36%,Put,2024-03-15,858
BABA240315P00130000,2023-11-16 12:47PM EST,130.0,51.0,58.2,59.4,0.0,-,5.0,5,73.63%,Put,2024-03-15,859
BABA240315P00140000,2023-11-16 2:59PM EST,140.0,61.6,68.5,68.7,0.0,-,5.0,5,76.56%,Put,2024-03-15,861
BABA240315P00180000,2023-09-11 11:56AM EST,180.0,91.23,92.05,92.8,0.0,-,4.0,0,0.00%,Put,2024-03-15,869
BABA240419C00050000,2023-12-07 1:48PM EST,50.0,22.85,22.7,23.95,0.0,-,101.0,113,52.05%,Call,2024-04-19,876
BABA240419C00055000,2023-12-08 10:54AM EST,55.0,18.35,18.25,18.4,0.05,+0.27%,66.0,653,42.52%,Call,2024-04-19,877
BABA240419C00060000,2023-12-08 10:21AM EST,60.0,14.3,14.1,14.35,0.05,+0.35%,74.0,788,41.03%,Call,2024-04-19,878
BABA240419C00065000,2023-12-08 10:15AM EST,65.0,10.65,10.45,10.65,-0.05,-0.47%,35.0,739,38.87%,Call,2024-04-19,879
BABA240419C00070000,2023-12-08 10:46AM EST,70.0,7.53,7.5,7.65,-0.17,-2.21%,76.0,1879,37.88%,Call,2024-04-19,880
BABA240419C00075000,2023-12-08 10:54AM EST,75.0,5.3,5.15,5.3,-0.09,-1.67%,45.0,2093,37.23%,Call,2024-04-19,881
BABA240419C00080000,2023-12-08 10:57AM EST,80.0,3.58,3.55,3.65,-0.17,-4.53%,62.0,3432,37.40%,Call,2024-04-19,882
BABA240419C00085000,2023-12-08 10:54AM EST,85.0,2.48,2.43,2.49,-0.09,-3.50%,11.0,1834,37.74%,Call,2024-04-19,883
BABA240419C00090000,2023-12-08 10:48AM EST,90.0,1.73,1.69,1.74,-0.06,-3.35%,104.0,4650,38.57%,Call,2024-04-19,884
BABA240419C00100000,2023-12-08 10:39AM EST,100.0,0.86,0.85,0.88,-0.05,-5.49%,34.0,2883,40.38%,Call,2024-04-19,886
BABA240419C00105000,2023-12-08 10:41AM EST,105.0,0.63,0.62,0.65,-0.02,-3.08%,10.0,751,41.46%,Call,2024-04-19,887
BABA240419C00110000,2023-12-08 10:41AM EST,110.0,0.47,0.46,0.49,-0.02,-4.08%,5.0,796,42.53%,Call,2024-04-19,888
BABA240419C00115000,2023-12-07 10:19AM EST,115.0,0.39,0.34,0.38,0.0,-,11.0,926,43.70%,Call,2024-04-19,889
BABA240419C00150000,2023-12-07 12:46PM EST,150.0,0.1,0.0,0.17,0.0,-,13.0,1032,50.20%,Call,2024-04-19,896
BABA240419C00160000,2023-11-30 12:34PM EST,160.0,0.05,0.0,0.14,0.0,-,29.0,40,52.73%,Call,2024-04-19,898
BABA240419C00175000,2023-11-30 1:21PM EST,175.0,0.06,0.0,0.12,0.0,-,17.0,615,56.64%,Call,2024-04-19,901
BABA240419P00035000,2023-12-05 3:38PM EST,35.0,0.08,0.04,0.12,0.0,-,242.0,268,54.30%,Put,2024-04-19,909
BABA240419P00040000,2023-12-06 1:59PM EST,40.0,0.16,0.09,0.14,0.0,-,6.0,57,49.12%,Put,2024-04-19,910
BABA240419P00050000,2023-12-08 9:51AM EST,50.0,0.48,0.47,0.49,-0.03,-5.88%,52.0,671,41.68%,Put,2024-04-19,912
BABA240419P00055000,2023-12-08 10:35AM EST,55.0,0.93,0.89,0.93,-0.02,-2.11%,104.0,4294,39.16%,Put,2024-04-19,913
BABA240419P00065000,2023-12-08 10:19AM EST,65.0,2.92,2.92,3.05,-0.08,-2.67%,11.0,1753,36.11%,Put,2024-04-19,915
BABA240419P00070000,2023-12-08 10:32AM EST,70.0,4.95,4.85,5.0,-0.05,-1.00%,118.0,3088,35.18%,Put,2024-04-19,916
BABA240419P00075000,2023-12-08 10:22AM EST,75.0,7.7,7.55,7.75,0.05,+0.65%,140.0,2588,35.18%,Put,2024-04-19,917
BABA240419P00085000,2023-12-06 3:35PM EST,85.0,15.48,14.85,15.05,0.0,-,6.0,1199,36.04%,Put,2024-04-19,919
BABA240419P00090000,2023-12-07 2:13PM EST,90.0,19.3,19.15,19.45,0.0,-,5.0,571,37.79%,Put,2024-04-19,920
BABA240419P00095000,2023-12-06 12:44PM EST,95.0,23.95,23.85,24.15,0.0,-,24.0,454,40.56%,Put,2024-04-19,921
BABA240419P00110000,2023-12-08 10:37AM EST,110.0,38.75,38.55,38.8,0.3,+0.78%,6.0,465,49.88%,Put,2024-04-19,924
BABA240419P00115000,2023-11-20 3:57PM EST,115.0,37.15,43.45,44.05,0.0,-,43.0,164,52.91%,Put,2024-04-19,925
BABA240419P00120000,2023-11-27 11:19AM EST,120.0,43.17,47.3,48.95,0.0,-,75.0,84,58.94%,Put,2024-04-19,926
BABA240419P00125000,2023-11-21 9:58AM EST,125.0,46.5,53.45,53.75,0.0,-,4.0,6,57.32%,Put,2024-04-19,927
BABA240419P00145000,2023-09-08 12:15PM EST,145.0,55.05,58.8,59.05,0.0,-,4.0,0,0.00%,Put,2024-04-19,931
BABA240419P00160000,2023-09-29 2:10PM EST,160.0,73.15,76.6,77.9,0.0,-,20.0,0,0.00%,Put,2024-04-19,932
BABA240517C00040000,2023-12-07 10:47AM EST,40.0,32.5,31.8,32.6,0.0,-,16.0,16,54.15%,Call,2024-05-17,935
BABA240517C00045000,2023-12-07 10:44AM EST,45.0,27.75,26.95,27.9,0.0,-,32.0,32,50.85%,Call,2024-05-17,936
BABA240517C00050000,2023-12-07 11:30AM EST,50.0,23.1,22.9,23.35,0.0,-,11.0,10,47.66%,Call,2024-05-17,937
BABA240517C00055000,2023-12-08 10:17AM EST,55.0,19.1,18.35,18.95,0.15,+0.79%,9.0,17,44.07%,Call,2024-05-17,938
BABA240517C00060000,2023-12-07 11:30AM EST,60.0,14.75,14.65,14.95,-0.1,-0.67%,10.0,141,41.75%,Call,2024-05-17,939
BABA240517C00065000,2023-12-08 9:33AM EST,65.0,11.45,11.15,11.45,-0.05,-0.43%,5.0,46,40.17%,Call,2024-05-17,940
BABA240517C00075000,2023-12-08 10:30AM EST,75.0,6.2,6.05,6.2,-0.1,-1.59%,11.0,549,38.56%,Call,2024-05-17,942
BABA240517C00080000,2023-12-08 10:42AM EST,80.0,4.4,4.35,4.45,-0.15,-3.30%,16.0,383,38.38%,Call,2024-05-17,943
BABA240517C00085000,2023-12-07 10:39AM EST,85.0,3.24,3.1,3.2,0.0,-,5.0,93,38.64%,Call,2024-05-17,944
BABA240517C00115000,2023-12-07 11:55AM EST,115.0,0.59,0.52,0.55,0.0,-,21.0,27,42.73%,Call,2024-05-17,950
BABA240517C00145000,2023-12-08 10:05AM EST,145.0,0.21,0.11,0.2,0.06,+40.00%,4.0,1,49.22%,Call,2024-05-17,956
BABA240517P00055000,2023-12-07 2:29PM EST,55.0,1.24,1.17,1.21,0.0,-,220.0,230,38.70%,Put,2024-05-17,961
BABA240517P00065000,2023-12-07 11:16AM EST,65.0,3.7,3.45,3.55,0.0,-,23.0,25,35.91%,Put,2024-05-17,963
BABA240517P00070000,2023-12-08 9:51AM EST,70.0,5.45,5.45,5.6,-0.1,-1.80%,12.0,702,35.22%,Put,2024-05-17,964
BABA240517P00075000,2023-12-07 2:51PM EST,75.0,8.2,8.15,8.25,0.0,-,4.0,44,34.61%,Put,2024-05-17,965
BABA240517P00090000,2023-12-07 3:32PM EST,90.0,19.47,19.45,19.75,0.0,-,5.0,5,36.56%,Put,2024-05-17,967
BABA240621C00020000,2023-07-24 10:00AM EST,20.0,77.3,70.65,72.2,0.0,-,7.0,33,629.49%,Call,2024-06-21,971
BABA240621C00035000,2023-11-21 3:02PM EST,35.0,44.5,35.85,39.1,0.0,-,10.0,140,54.69%,Call,2024-06-21,974
BABA240621C00045000,2023-12-07 10:36AM EST,45.0,27.9,27.8,29.65,0.0,-,8.0,140,57.10%,Call,2024-06-21,976
BABA240621C00070000,2023-12-08 10:33AM EST,70.0,9.32,9.2,9.35,-0.08,-0.85%,230.0,1353,39.53%,Call,2024-06-21,981
BABA240621C00075000,2023-12-08 10:56AM EST,75.0,6.9,6.9,7.0,-0.28,-3.90%,115.0,5111,38.75%,Call,2024-06-21,982
BABA240621C00080000,2023-12-08 10:27AM EST,80.0,5.15,5.05,5.2,-0.1,-1.90%,2701.0,17594,38.46%,Call,2024-06-21,983
BABA240621C00085000,2023-12-08 10:30AM EST,85.0,3.85,3.75,3.85,-0.05,-1.28%,29.0,7803,38.46%,Call,2024-06-21,984
BABA240621C00090000,2023-12-08 10:20AM EST,90.0,2.88,2.73,2.9,-0.02,-0.69%,325.0,16781,38.93%,Call,2024-06-21,985
BABA240621C00095000,2023-12-08 10:34AM EST,95.0,2.11,2.06,2.15,-0.09,-4.09%,3607.0,13054,39.16%,Call,2024-06-21,986
BABA240621C00100000,2023-12-08 10:35AM EST,100.0,1.6,1.57,1.63,-0.07,-4.19%,146.0,20506,39.69%,Call,2024-06-21,987
BABA240621C00105000,2023-12-07 1:58PM EST,105.0,1.28,1.17,1.25,0.0,-,151.0,6365,40.27%,Call,2024-06-21,988
BABA240621C00110000,2023-12-08 10:44AM EST,110.0,0.97,0.96,0.98,-0.02,-2.02%,360.0,6850,40.99%,Call,2024-06-21,989
BABA240621C00115000,2023-12-08 10:31AM EST,115.0,0.81,0.75,0.8,0.02,+2.53%,32.0,2886,41.99%,Call,2024-06-21,990
BABA240621C00120000,2023-12-08 9:38AM EST,120.0,0.61,0.58,0.66,-0.04,-6.15%,11.0,5513,42.94%,Call,2024-06-21,991
BABA240621C00125000,2023-12-08 10:47AM EST,125.0,0.49,0.43,0.51,-0.03,-5.77%,143.0,4895,43.24%,Call,2024-06-21,992
BABA240621C00130000,2023-12-07 1:48PM EST,130.0,0.43,0.35,0.48,0.0,-,82.0,5895,45.07%,Call,2024-06-21,993
BABA240621C00135000,2023-12-08 10:47AM EST,135.0,0.36,0.25,0.36,-0.02,-5.26%,12.0,680,44.92%,Call,2024-06-21,994
BABA240621C00145000,2023-12-06 2:29PM EST,145.0,0.27,0.2,0.32,0.0,-,140.0,1569,47.95%,Call,2024-06-21,996
BABA240621C00150000,2023-12-08 10:13AM EST,150.0,0.21,0.16,0.21,0.02,+10.53%,6.0,8884,46.73%,Call,2024-06-21,997
BABA240621C00165000,2023-12-08 9:53AM EST,165.0,0.15,0.1,0.21,-0.02,-11.76%,6.0,480,51.56%,Call,2024-06-21,1000
BABA240621C00180000,2023-12-07 2:57PM EST,180.0,0.1,0.0,0.17,0.0,-,68.0,2059,54.39%,Call,2024-06-21,1003
BABA240621C00200000,2023-12-06 3:20PM EST,200.0,0.08,0.0,0.13,0.0,-,6.0,3165,53.13%,Call,2024-06-21,1007
BABA240621C00220000,2023-12-08 10:24AM EST,220.0,0.05,0.01,0.11,0.0,-,54.0,8169,56.84%,Call,2024-06-21,1010
BABA240621P00035000,2023-12-08 10:26AM EST,35.0,0.19,0.09,0.17,0.07,+58.33%,5.0,639,50.10%,Put,2024-06-21,1017
BABA240621P00040000,2023-12-07 2:53PM EST,40.0,0.32,0.25,0.38,0.0,-,8.0,943,48.39%,Put,2024-06-21,1018
BABA240621P00045000,2023-12-06 9:54AM EST,45.0,0.55,0.45,0.61,0.0,-,5.0,924,44.48%,Put,2024-06-21,1019
BABA240621P00050000,2023-12-07 3:23PM EST,50.0,0.96,0.86,0.94,0.0,-,23.0,822,40.65%,Put,2024-06-21,1020
BABA240621P00060000,2023-12-08 9:33AM EST,60.0,2.63,2.5,2.64,0.0,-,1200.0,6650,37.09%,Put,2024-06-21,1022
BABA240621P00065000,2023-12-08 10:37AM EST,65.0,4.1,4.0,4.15,-0.1,-2.38%,17.0,3253,35.85%,Put,2024-06-21,1023
BABA240621P00070000,2023-12-08 10:05AM EST,70.0,6.14,6.0,6.2,-0.09,-1.44%,7.0,7308,34.86%,Put,2024-06-21,1024
BABA240621P00080000,2023-12-07 3:22PM EST,80.0,12.05,11.85,12.0,0.0,-,45.0,27659,33.55%,Put,2024-06-21,1026
BABA240621P00085000,2023-12-08 9:40AM EST,85.0,15.85,15.5,15.75,0.3,+1.93%,25.0,16718,33.66%,Put,2024-06-21,1027
BABA240621P00090000,2023-12-07 3:00PM EST,90.0,19.8,18.6,20.0,0.0,-,95.0,17351,34.73%,Put,2024-06-21,1028
BABA240621P00100000,2023-12-08 10:06AM EST,100.0,28.65,28.55,29.1,-0.35,-1.21%,20.0,2540,37.04%,Put,2024-06-21,1030
BABA240621P00110000,2023-12-07 3:46PM EST,110.0,38.0,37.55,39.05,0.0,-,16.0,1714,43.58%,Put,2024-06-21,1032
BABA240621P00115000,2023-12-06 1:06PM EST,115.0,43.75,42.85,44.2,0.0,-,60.0,1692,48.10%,Put,2024-06-21,1033
BABA240621P00125000,2023-12-08 10:26AM EST,125.0,53.0,53.3,53.9,-0.5,-0.93%,128.0,168,50.81%,Put,2024-06-21,1035
BABA240621P00130000,2023-12-06 1:53PM EST,130.0,58.29,58.3,59.15,-0.12,-0.21%,10.0,447,51.34%,Put,2024-06-21,1036
BABA240621P00140000,2023-11-15 3:58PM EST,140.0,52.9,67.8,70.1,0.0,-,84.0,0,58.67%,Put,2024-06-21,1038
BABA240621P00150000,2023-09-18 1:27PM EST,150.0,62.94,66.45,67.45,0.0,-,27.0,0,0.00%,Put,2024-06-21,1040
BABA240621P00170000,2023-11-16 2:17PM EST,170.0,91.4,97.85,99.35,0.0,-,10.0,10,65.75%,Put,2024-06-21,1044
BABA240621P00220000,2023-11-17 12:05PM EST,220.0,142.0,147.6,149.1,0.0,-,8.0,0,75.29%,Put,2024-06-21,1053
BABA240719C00005000,2023-12-01 11:07AM EST,5.0,67.75,65.4,69.0,0.0,-,4.0,0,118.75%,Call,2024-07-19,1054
BABA240719C00040000,2023-12-07 10:35AM EST,40.0,32.5,31.35,34.55,0.0,-,5.0,24,52.73%,Call,2024-07-19,1058
BABA240719C00055000,2023-12-07 10:37AM EST,55.0,19.7,18.6,20.7,0.0,-,12.0,81,49.79%,Call,2024-07-19,1061
BABA240719C00060000,2023-12-08 10:33AM EST,60.0,16.0,15.45,16.75,-0.35,-2.14%,13.0,105,45.90%,Call,2024-07-19,1062
BABA240719C00065000,2023-12-07 2:00PM EST,65.0,12.7,12.5,13.4,0.0,-,4.0,361,43.85%,Call,2024-07-19,1063
BABA240719C00070000,2023-12-08 10:27AM EST,70.0,9.9,9.7,10.35,-0.03,-0.30%,19.0,1177,41.55%,Call,2024-07-19,1064
BABA240719C00075000,2023-12-08 10:30AM EST,75.0,7.6,7.35,7.7,0.05,+0.66%,9.0,1535,39.35%,Call,2024-07-19,1065
BABA240719C00080000,2023-12-07 2:30PM EST,80.0,5.78,5.55,5.75,-0.02,-0.34%,10.0,2437,38.47%,Call,2024-07-19,1066
BABA240719C00085000,2023-12-08 10:09AM EST,85.0,4.35,4.2,4.35,-0.05,-1.14%,14.0,1131,38.40%,Call,2024-07-19,1067
BABA240719C00100000,2023-12-08 10:54AM EST,100.0,1.84,1.85,1.96,-0.14,-7.07%,33.0,623,39.39%,Call,2024-07-19,1070
BABA240719C00105000,2023-12-07 10:37AM EST,105.0,1.59,1.44,1.52,0.0,-,7.0,353,39.82%,Call,2024-07-19,1071
BABA240719C00110000,2023-12-07 10:36AM EST,110.0,1.2,1.13,1.18,0.0,-,17.0,318,40.21%,Call,2024-07-19,1072
BABA240719C00120000,2023-12-06 11:13AM EST,120.0,0.8,0.71,0.77,0.0,-,13.0,194,41.53%,Call,2024-07-19,1074
BABA240719C00125000,2023-12-06 10:15AM EST,125.0,0.66,0.58,0.64,0.0,-,9.0,107,42.31%,Call,2024-07-19,1075
BABA240719C00135000,2023-12-08 9:33AM EST,135.0,0.43,0.34,0.52,-0.02,-4.44%,4.0,128,44.87%,Call,2024-07-19,1077
BABA240719C00150000,2023-12-08 10:09AM EST,150.0,0.27,0.16,0.33,-0.02,-6.90%,4.0,54,46.83%,Call,2024-07-19,1080
BABA240719C00160000,2023-12-08 10:12AM EST,160.0,0.23,0.15,0.25,-0.03,-11.54%,4.0,3,48.00%,Call,2024-07-19,1082
BABA240719C00165000,2023-12-08 10:10AM EST,165.0,0.21,0.13,0.22,0.0,-,4.0,24,48.58%,Call,2024-07-19,1083
BABA240719P00045000,2023-12-01 2:06PM EST,45.0,0.59,0.59,0.64,0.0,-,390.0,385,42.09%,Put,2024-07-19,1088
BABA240719P00050000,2023-12-07 9:32AM EST,50.0,1.2,1.03,1.12,0.0,-,5.0,366,40.04%,Put,2024-07-19,1089
BABA240719P00055000,2023-12-07 2:49PM EST,55.0,1.84,1.74,1.86,0.0,-,4.0,308,38.20%,Put,2024-07-19,1090
BABA240719P00060000,2023-12-08 10:35AM EST,60.0,2.92,2.86,2.97,-0.05,-1.68%,162.0,1910,36.71%,Put,2024-07-19,1091
BABA240719P00065000,2023-12-07 12:18PM EST,65.0,4.57,4.35,4.55,0.0,-,15.0,611,35.58%,Put,2024-07-19,1092
BABA240719P00075000,2023-12-07 3:35PM EST,75.0,9.15,9.0,9.25,0.0,-,65.0,1103,33.80%,Put,2024-07-19,1094
BABA240719P00110000,2023-12-07 3:25PM EST,110.0,38.54,38.2,39.1,0.0,-,55.0,68,41.21%,Put,2024-07-19,1100
BABA240719P00115000,2023-12-07 10:35AM EST,115.0,43.65,42.95,44.6,0.0,-,27.0,27,48.22%,Put,2024-07-19,1101
BABA240719P00120000,2023-12-06 1:53PM EST,120.0,48.49,47.25,49.4,0.0,-,8.0,24,49.49%,Put,2024-07-19,1102
BABA240719P00125000,2023-12-06 12:45PM EST,125.0,53.24,52.55,54.35,0.16,+0.30%,20.0,10,51.71%,Put,2024-07-19,1103
BABA240920C00040000,2023-12-08 10:21AM EST,40.0,33.46,33.0,34.95,0.3,+0.90%,16.0,1124,58.91%,Call,2024-09-20,1106
BABA240920C00045000,2023-12-07 11:23AM EST,45.0,28.6,28.6,29.15,0.0,-,427.0,556,51.09%,Call,2024-09-20,1107
BABA240920C00050000,2023-12-08 9:41AM EST,50.0,24.57,24.4,24.9,-0.21,-0.85%,8.0,1352,47.90%,Call,2024-09-20,1108
BABA240920C00060000,2023-12-08 10:33AM EST,60.0,17.61,16.85,17.75,0.4,+2.32%,11.0,406,45.48%,Call,2024-09-20,1110
BABA240920C00065000,2023-12-08 10:37AM EST,65.0,13.9,13.75,14.8,-0.25,-1.77%,17.0,219,44.87%,Call,2024-09-20,1111
BABA240920C00070000,2023-12-07 12:34PM EST,70.0,11.15,11.1,11.85,-0.15,-1.33%,5.0,1491,42.80%,Call,2024-09-20,1112
BABA240920C00075000,2023-12-08 10:53AM EST,75.0,8.9,8.9,9.05,-0.2,-2.20%,4809.0,4382,40.06%,Call,2024-09-20,1113
BABA240920C00080000,2023-12-08 10:35AM EST,80.0,7.05,6.95,7.15,-0.11,-1.54%,5.0,2854,39.54%,Call,2024-09-20,1114
BABA240920C00085000,2023-12-08 10:50AM EST,85.0,5.55,5.45,5.65,-0.12,-2.12%,4509.0,1267,39.33%,Call,2024-09-20,1115
BABA240920C00090000,2023-12-08 10:37AM EST,90.0,4.35,4.3,4.5,-0.03,-0.68%,14.0,574,39.43%,Call,2024-09-20,1116
BABA240920C00095000,2023-12-08 10:25AM EST,95.0,3.5,3.4,3.55,-0.1,-2.78%,5.0,1584,39.40%,Call,2024-09-20,1117
BABA240920C00100000,2023-12-08 10:49AM EST,100.0,2.78,2.72,2.83,-0.13,-4.47%,259.0,782,39.59%,Call,2024-09-20,1118
BABA240920C00115000,2023-12-08 10:34AM EST,115.0,1.51,1.49,1.55,-0.05,-3.21%,15.0,571,40.89%,Call,2024-09-20,1121
BABA240920C00120000,2023-12-08 10:11AM EST,120.0,1.25,1.23,1.27,-0.03,-2.34%,11.0,668,41.24%,Call,2024-09-20,1122
BABA240920C00125000,2023-12-08 9:41AM EST,125.0,1.05,0.97,1.06,-0.11,-9.48%,9.0,1677,41.69%,Call,2024-09-20,1123
BABA240920P00040000,2023-12-06 12:56PM EST,40.0,0.57,0.42,0.56,0.0,-,4.0,319,43.46%,Put,2024-09-20,1124
BABA240920P00050000,2023-12-08 9:58AM EST,50.0,1.53,1.45,1.53,-0.01,-0.65%,13.0,439,39.01%,Put,2024-09-20,1126
BABA240920P00070000,2023-12-08 10:35AM EST,70.0,7.45,7.35,7.55,-0.15,-1.97%,23.0,2700,34.28%,Put,2024-09-20,1130
BABA240920P00075000,2023-12-08 10:35AM EST,75.0,10.1,9.45,10.15,0.0,-,7.0,1703,33.39%,Put,2024-09-20,1131
BABA240920P00085000,2023-12-01 2:40PM EST,85.0,15.7,15.4,17.0,0.0,-,5.0,1294,33.30%,Put,2024-09-20,1133
BABA240920P00090000,2023-12-08 10:00AM EST,90.0,20.0,20.0,20.65,0.0,-,21.0,37,31.95%,Put,2024-09-20,1134
BABA240920P00110000,2023-12-07 1:46PM EST,110.0,37.78,38.0,39.3,0.0,-,18.0,79,37.89%,Put,2024-09-20,1138
BABA240920P00115000,2023-12-07 10:43AM EST,115.0,43.8,43.1,44.35,0.0,-,4.0,50,40.89%,Put,2024-09-20,1139
BABA241220C00020000,2023-12-08 9:44AM EST,20.0,52.4,50.4,53.35,-1.05,-1.96%,14.0,1,89.62%,Call,2024-12-20,1145
BABA241220C00025000,2023-12-01 11:31AM EST,25.0,48.71,47.35,48.4,0.0,-,6.0,6,66.41%,Call,2024-12-20,1146
BABA241220C00035000,2023-12-07 3:47PM EST,35.0,38.6,38.25,39.45,0.0,-,6.0,223,59.38%,Call,2024-12-20,1148
BABA241220C00040000,2023-12-07 10:36AM EST,40.0,33.66,33.85,34.6,0.0,-,8.0,29,53.60%,Call,2024-12-20,1149
BABA241220C00045000,2023-12-07 10:39AM EST,45.0,29.6,29.65,30.05,0.0,-,10.0,26,51.01%,Call,2024-12-20,1150
BABA241220C00050000,2023-12-07 12:28PM EST,50.0,25.8,25.55,26.25,0.0,-,22.0,207,49.56%,Call,2024-12-20,1151
BABA241220C00075000,2023-12-07 2:40PM EST,75.0,11.0,10.65,11.0,0.0,-,7.0,640,41.61%,Call,2024-12-20,1156
BABA241220C00080000,2023-12-07 2:27PM EST,80.0,9.0,8.75,9.55,-0.04,-0.44%,6.0,1524,42.68%,Call,2024-12-20,1157
BABA241220C00090000,2023-12-08 9:37AM EST,90.0,6.15,5.9,6.15,0.01,+0.16%,36.0,648,40.45%,Call,2024-12-20,1159
BABA241220C00095000,2023-12-08 10:03AM EST,95.0,5.0,4.85,5.1,-0.06,-1.19%,8.0,2970,40.45%,Call,2024-12-20,1160
BABA241220C00100000,2023-12-08 10:45AM EST,100.0,4.11,4.05,4.25,-0.14,-3.29%,6.0,6410,40.55%,Call,2024-12-20,1161
BABA241220C00110000,2023-12-07 10:35AM EST,110.0,2.96,2.8,3.0,0.06,+2.07%,5.0,1080,40.94%,Call,2024-12-20,1163
BABA241220C00115000,2023-12-08 10:35AM EST,115.0,2.4,2.37,2.65,-0.06,-2.44%,14.0,684,41.76%,Call,2024-12-20,1164
BABA241220C00135000,2023-12-07 2:14PM EST,135.0,1.28,1.23,1.36,0.0,-,751.0,1087,42.26%,Call,2024-12-20,1168
BABA241220C00140000,2023-12-07 3:25PM EST,140.0,1.08,1.04,1.17,0.0,-,217.0,4981,42.48%,Call,2024-12-20,1169
BABA241220C00150000,2023-12-07 2:09PM EST,150.0,0.82,0.79,0.88,0.0,-,14.0,3973,42.97%,Call,2024-12-20,1171
BABA241220P00050000,2023-12-08 10:08AM EST,50.0,2.16,1.9,2.31,-0.05,-2.26%,37.0,590,39.28%,Put,2024-12-20,1189
BABA241220P00055000,2023-12-07 1:12PM EST,55.0,3.33,3.1,3.35,0.0,-,6.0,435,37.56%,Put,2024-12-20,1190
BABA241220P00065000,2023-12-07 10:21AM EST,65.0,6.52,6.35,6.55,0.0,-,12.0,833,35.10%,Put,2024-12-20,1192
BABA241220P00085000,2023-12-07 9:56AM EST,85.0,18.0,17.05,17.75,0.0,-,10.0,946,31.75%,Put,2024-12-20,1196
BABA241220P00100000,2023-12-07 11:40AM EST,100.0,29.7,29.4,30.0,0.0,-,211.0,927,31.51%,Put,2024-12-20,1199
BABA241220P00105000,2023-12-07 1:46PM EST,105.0,33.95,33.65,36.4,0.0,-,20.0,37,40.85%,Put,2024-12-20,1200
BABA241220P00110000,2023-12-05 3:23PM EST,110.0,38.25,38.3,39.9,0.0,-,6.0,90,36.41%,Put,2024-12-20,1201
BABA241220P00115000,2023-12-05 12:01PM EST,115.0,43.68,43.5,45.85,0.0,-,20.0,201,43.68%,Put,2024-12-20,1202
BABA241220P00120000,2023-12-05 3:39PM EST,120.0,47.63,48.25,49.35,0.0,-,16.0,242,37.78%,Put,2024-12-20,1203
BABA241220P00125000,2023-12-06 2:14PM EST,125.0,53.27,52.75,55.4,0.0,-,56.0,145,45.96%,Put,2024-12-20,1204
BABA241220P00130000,2023-12-08 10:34AM EST,130.0,57.33,58.3,59.0,-1.31,-2.23%,20.0,145,39.23%,Put,2024-12-20,1205
BABA241220P00180000,2023-10-05 11:31AM EST,180.0,97.0,92.45,97.0,0.0,-,7.0,0,0.00%,Put,2024-12-20,1215
BABA250117C00010000,2022-11-25 12:18PM EST,10.0,67.09,75.15,79.85,0.0,-,5.0,6,0.00%,Call,2025-01-17,1218
BABA250117C00020000,2023-12-05 12:13PM EST,20.0,52.3,51.1,54.5,0.0,-,8.0,17,74.71%,Call,2025-01-17,1220
BABA250117C00030000,2023-12-07 2:44PM EST,30.0,43.15,42.85,44.2,0.0,-,8.0,471,63.53%,Call,2025-01-17,1222
BABA250117C00035000,2023-12-07 11:47AM EST,35.0,38.4,38.35,39.45,0.0,-,4.0,111,57.79%,Call,2025-01-17,1223
BABA250117C00045000,2023-12-08 10:35AM EST,45.0,30.0,29.9,30.5,-0.2,-0.66%,192.0,589,50.20%,Call,2025-01-17,1225
BABA250117C00050000,2023-12-08 9:33AM EST,50.0,25.85,25.8,26.2,-0.25,-0.96%,4.0,699,47.56%,Call,2025-01-17,1226
BABA250117C00055000,2023-12-07 2:30PM EST,55.0,22.45,22.25,23.05,0.0,-,5.0,219,47.99%,Call,2025-01-17,1227
BABA250117C00060000,2023-12-08 10:31AM EST,60.0,19.08,18.9,19.2,-0.27,-1.40%,21.0,1756,44.15%,Call,2025-01-17,1228
BABA250117C00070000,2023-12-08 10:35AM EST,70.0,13.4,13.25,13.6,-0.2,-1.47%,19.0,1684,42.00%,Call,2025-01-17,1230
BABA250117C00075000,2023-12-08 10:48AM EST,75.0,11.2,11.05,11.3,-0.1,-0.88%,15.0,3961,41.15%,Call,2025-01-17,1231
BABA250117C00080000,2023-12-08 10:38AM EST,80.0,9.2,9.25,9.4,-0.23,-2.44%,22.0,13032,40.69%,Call,2025-01-17,1232
BABA250117C00085000,2023-12-08 10:01AM EST,85.0,8.0,7.65,7.85,0.15,+1.91%,5.0,5611,40.52%,Call,2025-01-17,1233
BABA250117C00090000,2023-12-08 10:51AM EST,90.0,6.4,6.35,6.5,-0.1,-1.54%,19.0,7724,40.24%,Call,2025-01-17,1234
BABA250117C00095000,2023-12-08 10:43AM EST,95.0,5.31,5.25,5.45,-0.14,-2.57%,16.0,2506,40.30%,Call,2025-01-17,1235
BABA250117C00100000,2023-12-08 10:45AM EST,100.0,4.45,4.4,4.55,-0.15,-3.26%,69.0,10039,40.28%,Call,2025-01-17,1236
BABA250117C00110000,2023-12-08 10:33AM EST,110.0,3.15,3.1,3.2,-0.05,-1.56%,13.0,8948,40.41%,Call,2025-01-17,1238
BABA250117C00115000,2023-12-08 10:53AM EST,115.0,2.69,2.56,2.7,-0.01,-0.37%,4.0,13576,40.54%,Call,2025-01-17,1239
BABA250117C00120000,2023-12-08 10:15AM EST,120.0,2.32,2.2,2.32,0.0,-,29.0,12234,40.86%,Call,2025-01-17,1240
BABA250117C00125000,2023-12-08 10:56AM EST,125.0,1.96,1.9,1.99,-0.02,-1.01%,55.0,9199,41.11%,Call,2025-01-17,1241
BABA250117C00130000,2023-12-07 1:16PM EST,130.0,1.71,1.64,1.72,0.0,-,111.0,2610,41.41%,Call,2025-01-17,1242
BABA250117C00135000,2023-12-08 10:32AM EST,135.0,1.47,1.39,1.46,0.02,+1.38%,23.0,26258,41.47%,Call,2025-01-17,1243
BABA250117C00145000,2023-12-07 3:09PM EST,145.0,1.13,1.04,1.17,0.0,-,66.0,796,42.53%,Call,2025-01-17,1245
BABA250117C00150000,2023-12-08 10:51AM EST,150.0,1.0,0.91,0.99,0.01,+1.01%,18.0,6100,42.48%,Call,2025-01-17,1246
BABA250117C00155000,2023-12-07 2:13PM EST,155.0,0.85,0.79,0.9,0.0,-,7.0,1046,43.02%,Call,2025-01-17,1247
BABA250117C00165000,2023-12-06 10:59AM EST,165.0,0.72,0.61,0.71,0.0,-,24.0,1325,43.58%,Call,2025-01-17,1249
BABA250117C00180000,2023-12-08 9:40AM EST,180.0,0.49,0.48,0.53,-0.02,-3.92%,6.0,3064,44.70%,Call,2025-01-17,1252
BABA250117C00200000,2023-12-07 2:45PM EST,200.0,0.35,0.31,0.41,0.0,-,54.0,8881,46.68%,Call,2025-01-17,1256
BABA250117C00210000,2023-12-06 10:00AM EST,210.0,0.31,0.01,1.12,0.0,-,4.0,792,50.88%,Call,2025-01-17,1257
BABA250117P00005000,2023-10-10 1:43PM EST,5.0,0.03,0.0,0.09,0.0,-,100.0,312,103.91%,Put,2025-01-17,1259
BABA250117P00040000,2023-12-08 10:06AM EST,40.0,1.02,0.93,1.05,-0.04,-3.77%,62.0,3385,42.58%,Put,2025-01-17,1266
BABA250117P00050000,2023-12-08 10:11AM EST,50.0,2.4,2.27,2.45,-0.01,-0.41%,147.0,2801,38.76%,Put,2025-01-17,1268
BABA250117P00055000,2023-12-08 10:30AM EST,55.0,3.5,3.4,3.6,0.0,-,10.0,1993,37.48%,Put,2025-01-17,1269
BABA250117P00065000,2023-12-08 10:47AM EST,65.0,6.72,6.65,6.85,-0.08,-1.18%,13.0,3907,34.97%,Put,2025-01-17,1271
BABA250117P00070000,2023-12-08 10:48AM EST,70.0,8.85,8.85,9.0,-0.05,-0.56%,678.0,10765,33.76%,Put,2025-01-17,1272
BABA250117P00075000,2023-12-08 10:47AM EST,75.0,11.45,11.45,11.7,-0.2,-1.72%,17.0,6618,33.18%,Put,2025-01-17,1273
BABA250117P00095000,2023-12-07 12:20PM EST,95.0,25.63,25.35,26.15,0.0,-,4.0,4726,32.32%,Put,2025-01-17,1277
BABA250117P00100000,2023-12-06 12:00PM EST,100.0,29.95,29.6,30.7,0.0,-,6.0,3135,33.57%,Put,2025-01-17,1278
BABA250117P00105000,2023-12-06 9:32AM EST,105.0,34.11,34.05,35.2,0.0,-,18.0,1492,34.11%,Put,2025-01-17,1279
BABA250117P00115000,2023-12-06 10:10AM EST,115.0,43.1,43.25,44.8,0.0,-,20.0,1792,36.94%,Put,2025-01-17,1281
BABA250117P00120000,2023-12-07 1:47PM EST,120.0,48.31,46.85,49.05,0.0,-,8.0,803,34.51%,Put,2025-01-17,1282
BABA250117P00125000,2023-12-07 1:59PM EST,125.0,53.5,52.5,54.4,0.0,-,20.0,425,38.75%,Put,2025-01-17,1283
BABA250117P00130000,2023-12-07 3:03PM EST,130.0,59.5,56.75,60.95,0.0,-,100.0,2379,49.09%,Put,2025-01-17,1284
BABA250117P00135000,2023-12-08 10:34AM EST,135.0,62.65,62.55,65.35,-0.5,-0.79%,102.0,138,47.95%,Put,2025-01-17,1285
BABA250117P00155000,2023-10-26 9:52AM EST,155.0,71.83,76.05,79.5,0.0,-,13.0,0,0.00%,Put,2025-01-17,1289
BABA250117P00200000,2023-12-05 9:48AM EST,200.0,127.86,126.45,130.2,0.0,-,104.0,202,65.03%,Put,2025-01-17,1297
BABA250620C00010000,2023-11-16 10:17AM EST,10.0,69.5,60.0,64.5,0.0,-,4.0,3,68.16%,Call,2025-06-20,1301
BABA250620C00025000,2023-03-01 10:46AM EST,25.0,69.5,77.5,82.5,0.0,-,20.0,0,0.00%,Call,2025-06-20,1303
BABA250620C00065000,2023-12-07 3:52PM EST,65.0,18.8,18.05,18.75,0.0,-,4.0,136,44.46%,Call,2025-06-20,1311
BABA250620C00070000,2023-12-08 10:34AM EST,70.0,16.1,15.9,16.3,-0.2,-1.23%,11.0,116,43.71%,Call,2025-06-20,1312
BABA250620C00080000,2023-12-07 3:25PM EST,80.0,12.2,11.35,12.25,0.0,-,15.0,583,42.65%,Call,2025-06-20,1314
BABA250620C00105000,2023-12-06 10:31AM EST,105.0,6.32,5.65,6.1,0.0,-,7.0,237,41.86%,Call,2025-06-20,1319
BABA250620C00110000,2023-12-07 2:20PM EST,110.0,5.25,4.95,5.3,0.0,-,14.0,830,41.74%,Call,2025-06-20,1320
BABA250620C00125000,2023-12-07 2:09PM EST,125.0,3.5,3.35,3.95,0.0,-,10.0,787,43.21%,Call,2025-06-20,1323
BABA250620C00135000,2023-12-07 1:22PM EST,135.0,2.78,2.62,2.95,0.0,-,205.0,295,42.62%,Call,2025-06-20,1325
BABA250620C00140000,2023-12-06 2:21PM EST,140.0,2.44,2.33,2.69,0.0,-,39.0,381,43.01%,Call,2025-06-20,1326
BABA250620C00220000,2023-12-08 10:29AM EST,220.0,0.6,0.5,0.75,0.05,+9.09%,35.0,872,46.90%,Call,2025-06-20,1340
BABA250620P00035000,2023-12-07 3:25PM EST,35.0,1.08,1.04,1.11,0.0,-,10.0,40,43.62%,Put,2025-06-20,1347
BABA250620P00040000,2023-12-07 2:30PM EST,40.0,1.66,1.6,1.68,0.0,-,59.0,263,41.44%,Put,2025-06-20,1348
BABA250620P00045000,2023-12-07 11:03AM EST,45.0,2.5,2.39,2.46,0.0,-,4.0,373,39.64%,Put,2025-06-20,1349
BABA250620P00060000,2023-12-07 12:24PM EST,60.0,6.5,6.25,6.5,0.0,-,230.0,1153,35.85%,Put,2025-06-20,1352
BABA250620P00065000,2023-12-08 10:27AM EST,65.0,8.2,8.2,8.5,-0.45,-5.20%,106.0,505,34.93%,Put,2025-06-20,1353
BABA250620P00070000,2023-12-08 10:32AM EST,70.0,10.65,10.4,10.75,-0.3,-2.74%,10.0,214,33.85%,Put,2025-06-20,1354
BABA250620P00085000,2023-12-06 12:24PM EST,85.0,19.85,18.9,19.8,0.0,-,5.0,725,32.07%,Put,2025-06-20,1357
BABA250620P00090000,2023-12-05 10:20AM EST,90.0,22.97,22.7,24.0,0.0,-,15.0,909,33.37%,Put,2025-06-20,1358
BABA250620P00105000,2023-11-20 9:31AM EST,105.0,31.56,34.7,35.65,0.0,-,6.0,199,30.84%,Put,2025-06-20,1361
BABA250620P00110000,2023-12-07 1:47PM EST,110.0,39.55,39.15,40.2,0.0,-,11.0,179,31.24%,Put,2025-06-20,1362
BABA250620P00120000,2023-12-08 9:35AM EST,120.0,48.7,48.1,48.9,-0.03,-0.06%,69.0,35,28.52%,Put,2025-06-20,1364
BABA250620P00125000,2023-12-06 11:26AM EST,125.0,54.5,52.4,55.2,0.0,-,7.0,80,36.92%,Put,2025-06-20,1365
BABA250620P00130000,2023-12-06 3:38PM EST,130.0,59.0,57.75,59.5,0.0,-,31.0,68,35.16%,Put,2025-06-20,1366
BABA250620P00135000,2023-11-17 1:40PM EST,135.0,57.68,61.95,64.6,0.0,-,10.0,23,37.21%,Put,2025-06-20,1367
BABA250620P00145000,2023-10-04 11:19AM EST,145.0,60.76,58.95,60.35,0.0,-,242.0,0,0.00%,Put,2025-06-20,1369
BABA250620P00155000,2023-03-13 2:25PM EST,155.0,72.05,61.8,65.05,0.0,-,50.0,50,0.00%,Put,2025-06-20,1371
BABA250620P00160000,2023-10-27 12:16PM EST,160.0,77.37,80.6,83.15,0.0,-,4.0,0,0.00%,Put,2025-06-20,1372
BABA251219C00015000,2023-08-22 11:09AM EST,15.0,74.81,69.05,73.5,0.0,-,10.0,12,306.25%,Call,2025-12-19,1385
BABA251219C00030000,2023-12-05 3:45PM EST,30.0,45.1,42.45,46.95,0.0,-,6.0,30,56.65%,Call,2025-12-19,1388
BABA251219C00055000,2023-12-04 3:46PM EST,55.0,27.35,26.2,27.0,0.0,-,6.0,34,48.32%,Call,2025-12-19,1393
BABA251219C00070000,2023-12-07 12:26PM EST,70.0,19.0,18.45,19.25,0.0,-,6.0,491,45.61%,Call,2025-12-19,1396
BABA251219C00085000,2023-12-07 2:27PM EST,85.0,13.46,13.25,13.6,0.0,-,61.0,1046,44.03%,Call,2025-12-19,1399
BABA251219C00100000,2023-12-07 12:00PM EST,100.0,9.6,9.25,9.7,0.0,-,5.0,2466,43.29%,Call,2025-12-19,1402
BABA251219C00115000,2023-12-06 3:54PM EST,115.0,6.55,6.5,8.7,0.0,-,62.0,1192,47.42%,Call,2025-12-19,1405
BABA251219C00140000,2023-12-07 12:54PM EST,140.0,4.1,3.8,4.6,0.0,-,5.0,375,44.06%,Call,2025-12-19,1410
BABA251219C00155000,2023-12-06 12:51PM EST,155.0,2.97,3.0,3.5,0.0,-,63.0,136,44.08%,Call,2025-12-19,1413
BABA251219C00160000,2023-12-07 3:38PM EST,160.0,2.85,2.7,3.05,0.0,-,12.0,437,43.50%,Call,2025-12-19,1414
BABA251219C00220000,2023-12-08 9:51AM EST,220.0,1.22,1.05,1.34,0.01,+0.83%,50.0,1586,45.24%,Call,2025-12-19,1424
BABA251219P00005000,2023-11-21 9:39AM EST,5.0,0.11,0.0,0.11,0.0,-,12.0,135,78.91%,Put,2025-12-19,1425
BABA251219P00010000,2023-12-05 3:20PM EST,10.0,0.15,0.02,0.3,0.0,-,4.0,116,66.60%,Put,2025-12-19,1426
BABA251219P00015000,2023-12-05 3:21PM EST,15.0,0.25,0.07,5.0,0.0,-,6.0,36,97.61%,Put,2025-12-19,1427
BABA251219P00020000,2023-12-05 3:22PM EST,20.0,0.34,0.01,0.58,0.0,-,4.0,77,54.59%,Put,2025-12-19,1428
BABA251219P00040000,2023-12-05 3:54PM EST,40.0,2.4,2.33,2.55,0.0,-,10.0,101,41.27%,Put,2025-12-19,1432
BABA251219P00050000,2023-12-01 10:45AM EST,50.0,4.2,3.95,4.85,0.0,-,10.0,123,38.44%,Put,2025-12-19,1434
BABA251219P00065000,2023-12-07 1:54PM EST,65.0,10.4,9.4,10.25,0.0,-,101.0,623,35.09%,Put,2025-12-19,1437
BABA251219P00075000,2023-12-05 9:43AM EST,75.0,14.55,14.65,15.25,0.0,-,68.0,481,33.27%,Put,2025-12-19,1439
BABA251219P00095000,2023-12-06 10:41AM EST,95.0,27.8,26.1,29.85,0.0,-,10.0,316,34.00%,Put,2025-12-19,1443
BABA251219P00105000,2023-11-28 9:31AM EST,105.0,32.43,33.55,37.95,0.0,-,4.0,554,33.75%,Put,2025-12-19,1445
BABA251219P00125000,2023-12-01 10:20AM EST,125.0,53.2,53.05,55.7,0.0,-,19.0,298,33.98%,Put,2025-12-19,1449
BABA251219P00135000,2023-12-04 2:05PM EST,135.0,63.31,61.2,65.75,0.0,-,17.0,144,37.06%,Put,2025-12-19,1451
BABA251219P00150000,2023-10-04 10:35AM EST,150.0,65.71,63.7,65.6,0.0,-,202.0,0,0.00%,Put,2025-12-19,1454
BABA251219P00155000,2023-08-10 11:03AM EST,155.0,58.5,64.45,66.2,0.0,-,10.0,2,0.00%,Put,2025-12-19,1455
BABA251219P00170000,2023-08-29 9:11AM EST,170.0,76.8,83.3,86.7,0.0,-,10.0,1,0.00%,Put,2025-12-19,1458
BABA251219P00180000,2023-12-01 3:21PM EST,180.0,106.27,106.7,110.15,0.0,-,7.0,10,44.58%,Put,2025-12-19,1460
BABA251219P00200000,2023-07-19 9:03AM EST,200.0,106.94,111.4,113.9,0.0,-,4.0,0,0.00%,Put,2025-12-19,1463
BABA260116C00020000,2023-12-05 3:44PM EST,20.0,53.66,51.35,54.1,0.0,-,10.0,35,52.83%,Call,2026-01-16,1469
BABA260116C00030000,2023-12-06 3:34PM EST,30.0,44.3,42.7,44.95,0.0,-,11.0,185,57.40%,Call,2026-01-16,1471
BABA260116C00040000,2023-12-07 3:15PM EST,40.0,36.6,36.3,37.65,0.0,-,4.0,6519,51.76%,Call,2026-01-16,1473
BABA260116C00045000,2023-12-05 2:36PM EST,45.0,33.72,31.6,34.2,0.0,-,10.0,229,53.21%,Call,2026-01-16,1474
BABA260116C00050000,2023-12-07 3:03PM EST,50.0,30.25,29.45,31.15,0.0,-,14.0,341,52.37%,Call,2026-01-16,1475
BABA260116C00055000,2023-12-06 2:38PM EST,55.0,26.8,26.35,27.15,0.0,-,74.0,186,47.91%,Call,2026-01-16,1476
BABA260116C00065000,2023-12-07 10:34AM EST,65.0,21.0,21.0,21.75,0.0,-,4.0,174,45.95%,Call,2026-01-16,1478
BABA260116C00070000,2023-12-08 10:55AM EST,70.0,19.0,19.0,20.0,-0.35,-1.81%,14.0,633,46.70%,Call,2026-01-16,1479
BABA260116C00075000,2023-12-08 10:36AM EST,75.0,16.9,16.8,18.0,-0.2,-1.17%,10.0,2292,46.27%,Call,2026-01-16,1480
BABA260116C00080000,2023-12-08 10:36AM EST,80.0,15.1,15.1,15.65,-0.35,-2.27%,16.0,2027,44.56%,Call,2026-01-16,1481
BABA260116C00100000,2023-12-08 10:49AM EST,100.0,9.8,9.6,9.95,0.09,+0.93%,5.0,1216,43.11%,Call,2026-01-16,1485
BABA260116C00105000,2023-12-06 10:26AM EST,105.0,8.98,8.45,8.95,0.0,-,81.0,677,43.01%,Call,2026-01-16,1486
BABA260116C00115000,2023-12-04 10:00AM EST,115.0,7.6,6.65,7.3,0.0,-,55.0,454,42.94%,Call,2026-01-16,1488
BABA260116C00120000,2023-12-07 3:39PM EST,120.0,6.35,6.0,6.55,0.05,+0.79%,5.0,689,42.76%,Call,2026-01-16,1489
BABA260116C00125000,2023-12-07 10:35AM EST,125.0,5.65,5.35,6.9,0.0,-,4.0,105,45.42%,Call,2026-01-16,1490
BABA260116C00140000,2023-12-07 2:43PM EST,140.0,4.3,3.95,4.5,0.0,-,14.0,236,42.93%,Call,2026-01-16,1493
BABA260116C00145000,2023-12-08 10:11AM EST,145.0,4.0,3.8,4.5,0.15,+3.90%,8.0,70,44.24%,Call,2026-01-16,1494
BABA260116C00150000,2023-12-08 10:36AM EST,150.0,3.5,3.3,3.7,-0.1,-2.78%,4.0,670,42.82%,Call,2026-01-16,1495
BABA260116C00155000,2023-12-07 3:40PM EST,155.0,3.4,2.98,3.45,0.0,-,48.0,91,43.09%,Call,2026-01-16,1496
BABA260116C00180000,2023-12-08 10:31AM EST,180.0,2.16,2.1,2.26,-0.1,-4.42%,18.0,1316,43.29%,Call,2026-01-16,1501
BABA260116P00010000,2023-12-05 1:47PM EST,10.0,0.18,0.11,0.3,0.0,-,10.0,38,67.97%,Put,2026-01-16,1503
BABA260116P00045000,2023-12-06 3:25PM EST,45.0,3.67,3.1,3.65,0.0,-,10.0,57,39.36%,Put,2026-01-16,1510
BABA260116P00050000,2023-12-07 2:53PM EST,50.0,4.85,4.6,4.95,0.0,-,20.0,176,38.11%,Put,2026-01-16,1511
BABA260116P00055000,2023-12-07 10:33AM EST,55.0,6.3,5.75,6.55,0.0,-,11.0,583,37.10%,Put,2026-01-16,1512
BABA260116P00065000,2023-12-07 1:54PM EST,65.0,10.58,9.95,10.45,0.0,-,107.0,199,34.98%,Put,2026-01-16,1514
BABA260116P00070000,2023-12-08 10:36AM EST,70.0,12.5,12.35,12.8,-0.2,-1.57%,902.0,2421,34.00%,Put,2026-01-16,1515
BABA260116P00075000,2023-12-07 3:36PM EST,75.0,15.35,14.9,15.45,0.0,-,46.0,745,33.14%,Put,2026-01-16,1516
BABA260116P00080000,2023-12-04 1:59PM EST,80.0,17.3,17.8,18.75,0.0,-,5.0,2182,33.26%,Put,2026-01-16,1517
BABA260116P00095000,2023-12-04 10:11AM EST,95.0,27.05,26.7,28.65,0.0,-,22.0,78,30.32%,Put,2026-01-16,1520
BABA260116P00115000,2023-12-07 2:54PM EST,115.0,44.3,43.95,46.65,0.0,-,8.0,11,33.23%,Put,2026-01-16,1524
BABA260116P00125000,2023-11-15 9:40AM EST,125.0,40.5,52.35,55.05,0.0,-,18.0,23,30.94%,Put,2026-01-16,1526
BABA260116P00130000,2023-12-01 10:31AM EST,130.0,58.2,57.4,59.8,0.0,-,24.0,283,31.33%,Put,2026-01-16,1527
BABA260116P00140000,2023-11-24 11:02AM EST,140.0,62.05,67.6,69.1,0.0,-,20.0,39,30.55%,Put,2026-01-16,1529
BABA260116P00150000,2023-12-07 12:51PM EST,150.0,78.5,76.25,80.0,0.0,-,7.0,8,37.12%,Put,2026-01-16,1531
